class,instance,evt:starting_time,evt:endint_time,evt:alias,evt:nationality,evt:land_of_origin,evt:ethnic_group
発明家,アークライト,1732,1792,,グレートブリテン王国,,
詩人,アイスキュロス,前525,前456,,アテネ,,
軍人@政治家@司令官@総長@大統領,アイゼンハワー,1890,1969,,アメリカ合衆国,,
奴隷@スルタン@軍人,アイバク,,1210,,ゴール朝@デリー・スルタン朝,,
理論物理学者@学者,アインシュタイン,1879,1955,,,ドイツ,
神学者@哲学者@教父,アウグスティヌス,354,430,,,北アフリカ,
皇帝@シャー@ハーン,アウラングゼブ,1618,1707,アウラングゼーブ@アーラムギール1世,ムガル帝国,,
独立運動家,アウン・サン,1915,1947,,ビルマ,,
革命家@大統領,アギナルド,1869,1964,,フィリピン,,
君主,アクバル,1542,1605,アクバル大帝,ムガル帝国,,
王@大王,アショーカ王,前304,前234,アショカ@阿育王,マウリヤ朝,,
神学者@ギリシア教父@聖職者@司教@教父,アタナシウス,296頃,373,大アタナシオス,アレクサンドリア,,
イエズス会士@シャー,アダム・シャール,1591,1666,湯若望,,ドイツ,
経済学者@神学者@哲学者@学者,アダム・スミス,1723,1790,,,イギリス,
王@大王,アッティラ,406頃,453,アキラ@エツェル,,,フン族
シャー,アッバース1世,1571,1629,,サファヴィー朝,,
政治家@首相@外相@党首,アデナウアー,1876,1967,,ドイツ連邦共和国,,
政治家@首相@党首,アトリー,1883,1967,,イギリス,イギリス,
イスラーム活動家@君主,アフガーニー,1838,1897,,,イラン,
皇帝@元首,アブデュル・ハミト2世,1842,1918,,オスマン帝国,,
皇帝,アブデュル・メジト1世,1823,1861,,オスマン帝国,,
アミール@カリフ@君主@国王@皇帝,アブド・アッラフマーン3世,889,967,,後ウマイヤ朝,,
皇帝,アフメト3世,1673,1736,,オスマン帝国,,
論理学者@キリスト教神学者@学者,アベラール,1079,1142,,,フランス,
政治家@外交官,アマースト,1773,1857,,イギリス,イギリス,
探検家@人物,アムンゼン,1872,1928,,ノルウェー王国,,
探検家@地理学者@学者,アメリゴ・ヴェスプッチ,1454,1512,,,イタリア,
王,アメンホテプ4世,前1362頃,前1333頃,イクナートン@アクエンアテン,,エジプト,
大統領@軍人,アラファト,1929,2004,アラファート,,パレスティナ,
カリフ,アリー,600,661,,,アラビア,
司祭,アリウス,250頃,336,アレイオス@アリオス,,,
天文学者@数学者,アリスタルコス,前310頃,前230頃,,,ギリシア,
哲学者@王@教師@大王,アリストテレス,前384,前322,,,ギリシア,
喜劇作家@作家,アリストファネス,前450頃,前385頃,アリストパネス,アテネ,,
数学者@物理学者@技術者@発明家@天文学者@学者,アルキメデス,前287頃,前212,,,ギリシア,
ハーン,アルタン・ハン,1507,1582,,,モンゴル,
ハーン@君主@シャー@ハーン,アルデシール1世,,241,アルダシール1世@アルダフシール,ササン朝ペルシア,,
王@大王,アルフレッド,849,899,アルフレッド大王,ウェセックス王国,イギリス,
皇帝@国王@大公@君主,アレクサンドル1世,1777,1825,,ロシア帝国,,
皇帝,アレクサンドル2世,1818,1881,,ロシア帝国,,
王@大王,アレクサンドロス,前356,前323,アレキサンダー大王,マケドニア,,
君主@女王,アン,1665,1714,ブランデー・ナン,,イングランド,
神学者@哲学者@司教,アンセルムス,1033,1109,,神聖ローマ帝国,,
政治家@軍人@皇帝,アントニウス,前82,前30,マルクス・アントニウス,古代ローマ,,
王@国王,アンリ4世,1553,1610,エンリケ3世,,フランス,
貴族政治家@外相@首相,イーデン,1897,1977,,イギリス,イギリス,
大公,イヴァン3世,1440,1505,イヴァン大帝,モスクワ大公国,,
大公@ツァーリ,イヴァン4世,1530,1584,雷帝,モスクワ大公国,,
,イエス,前4頃,30頃,,,パレスティナ,ユダヤ人
探検家,イェルマーク,,1585,エルマーク,,,
イエスズ会創立者@イエズス会総長@総長@教皇@著者,イグナティウス・ロヨラ,1491頃,1556,,,スペイン,
王@女王,イサベル,1451,1504,イザベラ,カスティリャ,,
独立運動指導者,イダルゴ,1753,1811,,メキシコ,,
劇作家@詩人@舞台監督@作家@監督,イプセン,1828,1906,,ノルウェー王国,,
運動家@指導者,イブン・アブドゥル・ワッハーブ,,1791,,,アラビア,
国王,イブン・サウード,1880,1953,アブドゥルアズィーズ,サウジアラビア王国,,
哲学者@医者@科学者,イブン・シーナー,980,1037,アヴィケンナ,サーマーン朝,,
法学者,イブン・バットゥータ,1304,1368または1369,,モロッコ,,
歴史家@思想家@政治家@学者,イブン・ハルドゥーン,1332,1406,,,チュニス,
哲学者@学者,イブン・ルシュド,1126,1198,アヴェロエス,,スペイン,
教皇,インノケンティウス3世,1161,1216,ロタリオ・ディ・コンティ,古代ローマ,,
航海者@探検家,ヴァスコ・ダ・ガマ,1469頃,1524,バスコ・ダ・ガマ,ポルトガル,,
政治家@大統領,ヴァルガス,1882,1954,,ブラジル,,
自由思想家@開祖,ヴァルダマーナ,前549頃,前477頃,マハーヴィーラ,マガダ国,,
傭兵隊長@皇帝@隊長@提督,ヴァレンシュタイン,1583,1634,,,ドイツ,
女王@女帝@国王,ヴィクトリア女王,1819,1901,,イギリス,イギリス,
大学教授@シャー@国王@教皇@司祭,ウィクリフ,1320頃,1384,,イギリス,イギリス,
政治家,ウィッテ,1849,1915,,ロシア帝国,,
王@音楽家@大公@国王,ヴィットーリオ・エマヌエーレ2世,1820,1878,,サルディニア王国,,
神学者@哲学者,ウィリアム・オブ・オッカム,1290頃,1349頃,,,,
王@開祖,ウィリアム1世,1027,1087,,,イングランド,
王@女王@総督,ウィリアム3世,1650,1720,,,イングランド,
政治家@大統領@学者,ウィルソン,1802,1877,,アメリカ合衆国,,
政治家@党首@首相,ウィルソン,1916,1995,ハロルド=ウィルソン,イギリス,イギリス,
言語学者@文学者@童話@学者,ヴィルヘルム,1786,1859,グリム兄弟,
主席@皇帝@王,ヴィルヘルム1世,1797,1888,,プロイセン王国,プロイセン,
国王@皇帝,ヴィルヘルム2世,1859,1941,,,ドイツ,
詩人,ヴェルギリウス,前70,前19,ウェルギリウス,古代ローマ,,
建築家@古代文化研究家@学者,ヴェントリス,1922,1956,,イギリス,イギリス,
船員@軍人,ウォード,1831,1862,華爾,アメリカ合衆国,,
哲学者@作家@文学者@歴史家@学者,ヴォルテール,1694,1778,フランソワ・マリー@アルエ ,,フランス,
政治家@首相,ウォルポール,1676,1745,,グレートブリテン王国,,
カリフ,ウマル,581頃,644,ウマル・イブン・アル・ハッターブ,イスラム帝国,,
学者@詩人@シャー@スルタン,ウマル・ハイヤーム,1048,1131,,セルジューク朝,,
政治家@軍人@革命家,ウラービー・パシャ,1839,1911,ウラービー@アフマド・オラービー,,エジプト,
使徒@大公,ウラディミル1世,955,1015,,キエフ公国,,
君主@シャー@アミール@君主,ウルグ・ベグ,1394,1449,,ティムール帝国,,
教皇,ウルバヌス2世,1042,1099,ラゲリウスのオド@ウード・ド・シャティヨン,古代ローマ,,
考古学者@学芸員@学者,エヴァンズ,1851,1941,,イギリス,イギリス,
数学者@天文学者@著者,エウクレイデス,前300頃,,,,ギリシア,
歴史家@聖書注釈家@司教@教父,エウセビオス,260頃,339,エウセウィ,,パレスティナ,
詩人,エウリピデス,前485頃,前406頃,,アテネ,,
政治家@党首@大統領,エーベルト,1871,1925,,ドイツ共和国,ドイツ,
君主@女帝@大王,エカチェリーナ2世,1729,1796,エカテリーナ@カタリーナ,ロシア帝国,,
貴族@皇帝@ハーン,エセン・ハン,,1454,エセタイシ@也先@エセン・ハーン,,モンゴル,
発明家@企業家,エディソン,1847,1931,エジソン,アメリカ合衆国,,
王,エドワード1世,1239,1307,,,イングランド,
皇帝@王,エドワード3世,1312,1377,,,イギリス,
王,エドワード6世,1537,1557,,,イギリス,
哲学者@皇帝,エピクテトス,55頃,135頃,,古代ローマ,,
哲学者@始祖,エピクロス,前342,前271,,,ギリシア,
神学者@哲学者@人文主義者@司教@司祭@教皇,エラスムス,1469頃,1536,,,イタリア,
学者,エラトステネス,前275,前194,,,ギリシア,
国王@作家@王@女王,エリザベス1世,1533,1603,処女王@グロリアーナ,,イギリス,
君主@女王@元首,エリザベス2世,1926,,エリザベス女王@エリザベス・アレクサンドラ・メアリー ,イギリス,イギリス,
政治家@大統領,エリツィン,1931,2007,,ロシア,,
画家,エル・グレコ,1541頃,1614,,,スペイン,
経済学者@革命家@思想家@ジャーナリスト,エンゲルス,1820,1895,,,ドイツ,
探検事業家,エンリケ,1394,1460,エンリケ航海王子@ヘンリー航海王子,ポルトガル,,
詩人,オヴィディウス,前43,17頃,オウィディウス,古代ローマ,,
作家@ジャーナリスト,オーウェル,1903,1950,エリック・アーサー・ブレア,イギリス,イギリス,
政治家,オースティン・チェンバレン,1863,1937,,イギリス,イギリス,
皇帝@元首,オクタヴィアヌス,前63,14,アウグストゥス@オクタウィアヌス,古代ローマ,,
皇帝@ハーン@君主,オゴタイ・ハン,1186,1241,オゴデイ・カアン,,モンゴル,
民族運動家@政治家,オコンネル,1775,1847,,,アイルランド,
皇帝@国王,オットー1世,912,973,オットー大帝,東フランク,,
軍人@皇帝@王@隊長,オドアケル,434頃,493,,西ローマ帝国,,
君主@総督,オラニエ公ウイレム,1533,1584,ウィレム1世,ネーデルランド連邦共和国,,
大統領@牧師,カーター,1924,,,アメリカ合衆国,,
牧師@実業家@発明家,カートライト,1743,1823,,イギリス,イギリス,
劇作家@詩人@作家,カーリダーサ,5世紀頃,,,グプタ朝,,
宮宰,カール・マルテル,689,741,,フランク王国,,
政治家,カール・リープクネヒト,1871,1919,,,ドイツ,
王@君主@皇帝@文人@教皇,カール4世,1316,1378,シャルル,神聖ローマ帝国,ドイツ,
皇帝@国王@君主,カール5世,1500,1558,カルロス1世,神聖ローマ帝国,,
皇帝@王,カール6世,1685,1740,,神聖ローマ帝国,,
国王@皇帝,カール大帝,742,814,シャルルマーニ,フランク王国,,
政治家,ガイウス・センプロニウス・グラックス,前153,前121,グラックス兄弟（弟）,古代ローマ,,
政治家@首相@大臣,カヴール,1810,1861,,サルディニア王国,,
シャー@開祖,ガウタマ・シュダールタ,前563,前483,ブッダ@ガウタマ・シッダールタ@ゴータマ・シッダッタ@釈迦@,,ネパール,シャカ族
政治家@軍人@文筆家,カエサル,前100頃,前44,ガイウス・ユリウス・カエサル@ユリウス・カエサル,古代ローマ,,
神学者@哲学者@神秘主義者@スーフィー,ガザーリー,1058,1111,ガッザーリー,,イラン,
君主,ガザン・ハン,1271,1304,,イル・ハン国,,
宣教師@画家,カスティリオーネ,1688,1766,郎清寧,,イタリア,
政治家@革命家@軍人@弁護士@首相@元首,カストロ,1926,,,キューバ,,
摂政@教皇@王@王族,カトリーヌ・ド・メディシス,1519,1589,カテリーナ・ディ・ロレンツォ・デ・メディチ,ヴァロワ朝,フランス,
シャー@君主@王,カニシカ王,,,カニシカ1世,クシャーナ朝,,
大臣@首相,カニング,1770,1827,,イギリス,イギリス,
探検家@航海者@王@隊長,カブラル,1460頃,1526頃,,ポルトガル,,
航海者@国王@船員,カボット,1451頃,1498頃,,,イタリア,
司祭@皇帝@神父,ガポン,1870,1906,ガポン神父,ロシア帝国,,
軍事家@王,ガリバルディ,1807,1882,二つの世界の英雄,,イタリア,
物理学者@天文学者@哲学者@学者,ガリレオ・ガリレイ,1564,1642,,,イタリア,
神学者,カルヴァン,1509,1564,,,フランス,
,カルティニ,1879,1904,,,インドネシア,
政治家@大統領,カルデナス,1895,1970,,メキシコ,,
弁護士@宗教家@政治指導者,ガンディー,1869,1948,,インド帝国,,
哲学者@思想家,カント,1724,1804,,,ドイツ,
政治家@文筆家@哲学者,キケロ,前106,前43,マルクス・トゥッリウス・キケロ,古代ローマ,,
国王@王,キュロス2世,前559頃  ,前529頃,,アケメネス朝ペルシア,,
牧師,キング,1929,1968,,アメリカ合衆国,,
金属加工職人@職人,グーテンベルク,1400頃,1468,,,ドイツ,
教育者,クーベルタン,1863,1937,ピエール・ド・クーベルタン男爵,フランス,フランス,
大統領,クーリッジ,1872,1933,,アメリカ合衆国,,
国王@王@女王,グスタフ・アドルフ,1594,1632,グスタフ2世アドルフ ,スウェーデン王国,,
海軍士官@海洋探検家@船員@将軍,クック,1728,1779,キャプテンクック,,イギリス,
王,クヌート,995,1035,クヌーズ1世,デンマーク,デンマーク,
皇帝,グユク・ハン,1206,1248,,,モンゴル,
軍人@政治家,クライヴ,1725,1774,,,イギリス,
政治家@軍人,クラッスス,前114頃,前53,,古代ローマ,,
政治家@首相@党首,グラッドストン,1809,1898,ウィリアム・エワート・グラッドストン,イギリス,イギリス,
民主主義者@将軍@貴族@僭主,クレイステネス,前6世紀末,前5世紀前半,,アテネ,,
女王,クレオパトラ,前69,前30,,プトレマイオス朝エジプト,,
教皇@博士@教父,グレゴリウス1世,540,604,,古代ローマ,,
教皇@皇帝,グレゴリウス7世,1020,1085,イルデブランド,古代ローマ,,
政治家@ジャーナリスト,クレマンソー,1841,1929,,フランス,フランス,
教皇,クレメンス5世,1264,1314,,,フランス,
国王,クローヴィス,466,511,クロヴィス1世,フランク王国,,
法学者@作家@詩人,グロティウス,1583,1645,ヒュホー・デ・フロート,ネーデルランド連邦共和国,,
政治家@軍人@司令官@国王,クロムウェル,1599,1658,オリバー・クロムウェル,,イングランド,
発明家@紡績工,クロンプトン,1753,1827,,イギリス,イギリス,
経済学者@学者,ケインズ,1883,1946,,イギリス,イギリス,
詩人@劇作家@小説家@自然科学者@政治家@法律家@作家,ゲーテ,1749,1832,,,ドイツ,
経済学者@学者@貴族@医師,ケネー,1694,1774,,,フランス,
政治家@大統領,ケネディ,1917,1963,ジョン・F・ケネディ,アメリカ合衆国,,
天文学者@数学者@自然哲学者@占星術師@学者,ケプラー,1571,1630,,,ドイツ,
大統領@将軍,ケマル・パシャ,1881,1938,ケマル・アタテュクル,トルコ共和国,,
政治家@首相,ケレンスキー,1881,1970,,ソヴィエト社会主義共和国連邦,,
大統領,ゴ・ディン・ディエム,1901,1963,ゴ・ディン・ジエム,ヴェトナム共和国,ヴェトナム,
軍人,ゴードン,1833,1885,,イギリス,イギリス,
政治家@首相,コール,1930,,,ドイツ連邦共和国,,
政治家@革命家,コシュート,1802,1894,,ハンガリー,,
医師@細菌学者@開祖@学者,コッホ,1843,1910,,,ドイツ,
画家,ゴッホ,1853,1890,,,オランダ,
,コブデン,1804,1865,,イギリス,イギリス,
天文学者@司祭@法学者@占星術師@医師@司教@医者,コペルニクス,1473,1543,,ポーランド,,
政治家,ゴムウカ,1905,1982,,ポーランド,,
画家,ゴヤ,1746,1828,,,スペイン,
コンキスタドール,コルテス,1485,1547,,,スペイン,
劇作家@作家,コルネイユ,1606,1684,,,フランス,
政治家@大統領@博士,ゴルバチョフ,1931,,,ソヴィエト社会主義共和国連邦,,
政治家@大臣,コルベール,1619,1683,,,フランス,
探検家@航海者@コンキスタドール@奴隷商人@商人,コロンブス,1451頃,1506,,,イタリア,
使徒@君主@皇帝,コンスタンティヌス,272,337,コンスタンティヌス1世,古代ローマ,,
社会学者@哲学者@数学者@学者,コント,1798,1857,,フランス,フランス,
政治家@軍人@首相@大統領,サダト,1918,1981,サーダート,エジプト,エジプト,
政治家@貴族@党首@首相,サッチャー,1925,2013,,イギリス,イギリス,
詩人,サッフォー,前612頃,,サッポー,,ギリシア,
革命家,サパタ,1879頃,1919,,メキシコ,,
,サヤ・サン,1876,1931,,ビルマ,,
始祖,サラーフ・アッディーン,1137,1193,サラディン,,エジプト,
王,サルゴン1世,前2334頃,前2279頃,シャル・キン,,メソポタミア,
哲学者@小説家@劇作家@作家,サルトル,1905,1980,,フランス,フランス,
思想家,サン・シモン,1760,1825,,フランス,フランス,
軍人@政治家,サン・マルティン,1778,1850,,アルゼンチン,,
,シヴァージー,1627,1680,,マラータ王国,,
革命指導者@政治家,シェイエス,1748,1836,,フランス,フランス,
劇作家@詩人@作家,シェークスピア,1564,1616,,,イギリス,
女王,ジェームズ1世,1566,1625,ジェームズ6世,,イングランド,
国王,ジェームズ2世,1633,1701,ジェームズ7世,,イングランド,
作曲家@指揮者@教育者,シェーンベルク,1874,1951,アーノルド・ショウンバーグ,,オーストリア,
政治家@大統領,ジェファソン,1743,1826,,アメリカ合衆国,,
医学者,ジェンナー,1749,1823,,イギリス,イギリス,
画家@作家,ジオット,1266頃,1337,ジョット,,イタリア,
政治家@国王,シハヌーク,1922,2012,,,カンボジア,
貴族@監督,シモン・ド・モンフォール,1208頃,1263,,,イングランド,
革命家@軍人@政治家@思想家@武将@将軍,シモン・ボリバル,1783,1830,シモン・ボリーバル@解放者,,ベネズエラ,
シャー@ハーン@皇帝,シャー・ジャハーン,1592,1666,,ムガル帝国,,
シャー@皇帝@ハーン@王,シャープール1世,215,272,,ササン朝ペルシア,,
軍人@政治家@大統領@貴族,ジャクソン,1767,1845,,アメリカ合衆国,,
国王,シャルル10世,1757,1836,カルロス5世@アルトワ伯爵,フランス,フランス,
国王@王,シャルル7世,1403,1461,,,フランス,
王,シャルル9世,1550,1574,,,フランス,
軍人@司教@農夫@監督@教皇@詩人@作家@王@思想家,ジャンヌ・ダルク,1412,1431,,,フランス,
研究者@学者,シャンポリオン,1790,1832,,フランス,フランス,
作曲家,シューベルト,1797,1828,,,オーストリア,
政治家@官僚,シュタイン,1757,1831,,,プロイセン,
始祖@王族,ジュチ,1177または1184,1225,ジョチ,,モンゴル,
政治家@首相@外相@大臣,シュトレーゼマン,1878,1929,,ヴァイマル共和国,ドイツ,
考古学者@学者,シュリーマン,1822,1890,,,ドイツ,
王,ジョアン2世,1455,1495,,ポルトガル,,
王@君主@国王@皇帝,ジョージ1世,1660,1727,ゲオルク・ルートヴィヒ,,イギリス,
政治家@首相@外相@大臣,ジョセフ・チェンバレン,1836,1914,,イギリス,イギリス,
作曲家@詩人@ピアニスト,ショパン,1810,1849,,,ポーランド,
哲学者@修道士,ジョルダーノ・ブルーノ,1548,1600,,,イタリア,
王,ジョン,1167,1216,,,イングランド,
発明家@シャー,ジョン・ケイ,1704,1764,,,イギリス,
哲学者@経済学者@学者,ジョン・スチュアート・ミル,1806,1873,,イギリス,イギリス,
政治家@外交官@作家@ジャーナリスト@大統領,ジョン・ヘイ,1838,1905,,アメリカ合衆国,,
神父@シャー@農民,ジョン・ポール,1338,1381,,,イングランド,
大統領,ジョンソン,1908,1973,,アメリカ合衆国,,
詩人@歴史学者@劇作家@思想家@作家@学者,シラー,1759,1805,,,ドイツ,
作家@司祭@詩人,スウィフト,1667,1745,レミュエル・ガリヴァー@アイザック・ビッカースタッフ@M・B・ドレイピア,,イギリス,
王,スールヤヴァルマン2世,,,,アンコール朝,カンボジア,
大統領,スカルノ,1901,1970,,,インドネシア,
軍人@政治家@将軍,スキピオ,前235,前183,大スキピオ,古代ローマ,,
政治家@軍人,スターリン,1879,1953,ジュガシヴィリ@ヨシフ・スターリン,ソヴィエト社会主義共和国連邦,,
ジャーナリスト@探検家,スタンリー,1841,1904,,アメリカ合衆国,,
土木技術者@機械技術者,スティーヴンソン,1781,1848,,,イングランド,
作家,ストゥ夫人,1811,1896,ストウ,アメリカ合衆国,,
地理学者@歴史家@哲学者@学者,ストラボン,前64,21,,古代ローマ,,
作家,ストリンドベリ,1849,1912,,スウェーデン王国,,
政治家@首相@皇帝@大臣,ストルイピン,1862,1911,,ロシア帝国,,
政治家@軍人@大統領,スハルト,1921,2008,,,インドネシア,
哲学者@神学者,スピノザ,1632,1677,,,オランダ,
作曲家@指揮者@ピアニスト@教師,スメタナ,1824,1884,,,チェコ,
軍人@政治家@貴族,スラ,前138,前78,スッラ,古代ローマ,,
王@皇帝,スレイマン1世,1494,1566,,オスマン帝国,,
軍人@作家@狩猟家@探検家@自然主義者@大統領,セオドア・ローズベルト,1858,1919,ローズヴェルト@ルーズヴェルト,アメリカ合衆国,,
画家,セザンヌ,1839,1906,,,,
政治家,セシル・ローズ,1853,1902,,イギリス,イギリス,
政治家@哲学者@詩人@皇帝@教師,セネカ,前4頃,65,,古代ローマ,,
哲学者,ゼノン,前335,前263,,,ギリシア,
皇帝,セリム1世,1465,1520,,オスマン帝国,,
作家@著者,セルバンテス,1547,1616,,,スペイン,
哲学者,ソクラテス,前469,前399,,,ギリシア,
詩人@作家,ソフォクレス,前496頃,前406,ソポクレス,アテネ,,
小説家,ゾラ,1840,1902,,フランス,フランス,
王,ソロモン,前1011,前931,,イスラエル王国,,
政治家@立法者@詩人@作家@学者,ソロン,前640頃,前560頃,,アテネ,,
王,ソンツェン・ガンポ,,649,チソンツェン,吐蕃,,
自然科学者@地質学者@生物学者@学者,ダーウィン,1809,1882,,,,
製鉄業者,ダービー,1711,1763,,,,
製鉄業者,ダービー,1677,1717,,,,
技術者,ダイムラー,1834,1900,,,ドイツ,
画家,ダヴィッド,1748,1825,,フランス,フランス,
王,ダヴィデ,前1040,前961,ダヴィデ@ダヴィド,イスラエル王国,,
歴史家@作家,タキトゥス,55頃,120頃,,古代ローマ,,
探検家,タスマン,1603,1659,,,オランダ,
ウラマー@シャー@使徒,タバリー,839,923,,アッバース朝,,
政治家@外交官@司教@画家@首相@外相@大公@貴族@大使,タラーレン,1754,1838,,,フランス,
元首@博士@君主@シャー,ダライ・ラマ14世,1935,,テンジン・ギャツォ,,チベット,
政治家@首相,ダラディエ,1884,1970,,フランス,フランス,
哲学者@数学者@物理学者@学者,ダランベール,1717,1783,,フランス,フランス,
王@大王,ダレイオス1世,前550頃,前486,,アケメネス朝ペルシア,,
哲学者,タレス,前624頃,前546頃,タレース,,ギリシア,
詩人,ダンテ,1265,1321,,,イタリア,
政治家@作家@首相@大臣,チャーチル,1874,1965,,イギリス,イギリス,
王,チャールズ1世,1600,1649,,,イングランド,
王,チャールズ2世,1630,1685,,,イングランド,
政治家@大統領,チャウシェスク,1918,1989,,ルーマニア,,
皇族,チャガタイ,1185または1186,1242,察合台,,モンゴル,
王,チャンドラグプタ,,前298頃,サンドロクプトス@サンドロコットス,マウリヤ朝,,
王@大王@シャー,チャンドラグプタ1世,,,,グプタ朝,,
作家@王@僧@詩人,チャンドラグプタ2世,,,超日王,グプタ朝,,
国王,チュラロンコン大王,1853,1910,チュラチョームクラオ@ピヤマハーラート@チュラーロンコーン@ラーマ5世,タイ,,
詩人@作家,チョーサー,1340頃,1400,,,イギリス,
皇帝,チンギス・ハン,1162頃,1227,チンギス・カン,,モンゴル,
宗教改革者,ツヴィングリ,1484,1531,フルドライヒ@ウルリヒ,スイス,,
学僧@開祖,ツォンカパ,1357,1419,ロサン・タクパ,,チベット,
政治家@大統領@農民,ディアス,1830,1915,,メキシコ,,
政治家@歴史家@国王@王@首相@大統領@弁護士,ティエール,1797,1877,,フランス,フランス,
皇帝@君主@軍人,ディオクレティアヌス,244,311,,古代ローマ,,
政治家@小説家@貴族@首相@党首,ディズレーリ,1804,1881,,イギリス,イギリス,
政治家@大統領,ティトー,1892,1980,,ユーゴスラヴィア,,
哲学者@作家@思想家,ディドロ,1713,1784,,フランス,フランス,
政治家@農民,ティベリウス・センプロニウス・グラックス,前163,前133,グラックス兄弟,古代ローマ,,
政治家,ティムール,1336,1405,,ティムール帝国,,
皇帝,テオドシウス,347,395,テオドシウス大帝,古代ローマ,,
哲学者@自然哲学者@数学者,デカルト,1596,1650,,,フランス,
作家@ジャーナリスト,デフォー,1660,1731,,,イギリス,
政治家@軍人,テミストクレス,前528,前462,,アテネ,,
哲学者,デモクリトス,前460頃,前370頃,,,ギリシア,
哲学者@教育哲学者@社会思想家@思想家,デューイ,1859,1952,,アメリカ合衆国,,
画家,デューラー,1471,1528,,,ドイツ,
インド総督@商人@総督,デュプレクス,1697,1763,,,フランス,
政治家@重農主義経済学者@学者,テュルゴ,1727,1781,,,フランス,
軍人@政治家@大統領@首相,ド・ゴール,1890,1970,,フランス,フランス,
歴史家@軍人@将軍,トゥキディデス,前460頃,前400頃,,,ギリシア,
シャー@カリフ@アミール@君主@開祖,トゥグリル・ベグ,993,1063,,セルジューク朝,,
独立運動指導者,トゥサン・ルヴェルチュール,1743,1803,,,ハイティ,
皇族@ハーン@皇帝@王族,トゥルイ,1192,1232,トルイ,,モンゴル,
小説家@貴族,トゥルゲーネ,1818,1883,ツルゲーネフ,ロシア帝国,,
地理学者@数学者@天文学者@学者,トスカネリ,1397,1482,,,イタリア,
小説家@思想家,ドストエフスキー,1821,1881,,ロシア帝国,,
作曲家,ドビュッシー,1862,1918,,フランス,フランス,
政治家,ドプチェク,1921,1992,,チェコスロヴァキア,,
神学者@哲学者@博士,トマス・アクィナス,1225頃,1274,トンマーゾ・ダクイーノ,シチリア王国,,
哲学者@思想家,トマス・ペイン,1737,1809,,アメリカ合衆国,,
小説家@作家@博士,トマス・マン,1875,1955,,,ドイツ,
宗教改革者,トマス・ミュンツァー,1490頃,1525,,,ドイツ,
法律家@思想家,トマス・モア,1478,1535,,,イギリス,
画家,ドラクロワ,1798,1863,,,,
政治家@大統領,トルーマン,1884,1972,ハリー・S・トルーマン,アメリカ合衆国,,
小説家@思想家,トルストイ,1828,1910,,ロシア帝国,,
イラストレーター@画家@版画家@挿絵画家@彫刻家,ドレ,1832,1888,,フランス,フランス,
航海者@海賊@海軍提督@司令官@提督@船長,ドレーク,1543頃,1596,ドラコ,,イギリス,
政治家@革命家@マルクス主義思想家@思想家,トロツキー,1879,1940,レフ・ダヴィードヴィチ・ブロンシュテイン・レオン・トロツキー,,ロシア,
僧,ナーガールジュナ,2世紀,3世紀,竜樹,,インド,
教祖,ナーナク,1469,1538,,,インド,
看護師@社会起業家@統計学者@看護教育学者@学者,ナイティンゲール,1820,1910,,イギリス,イギリス,
政治家@首相,ナジ,1896,1958,,ハンガリー,,
軍人@政治家@大統領,ナセル,1918,1970,ナーセル,,エジプト,
軍人@政治家@皇帝,ナポレオン・ボナパルト,1769,1821,ナポレオン1世,フランス,フランス,
皇帝@大統領,ナポレオン3世,1808,1873,シャルル・ルイ・ナポレオン・ボナパルト@ルイ・ナポレオン,フランス,フランス,
古典文献学者@哲学者@学者,ニーチェ,1844,1900,,,ドイツ,
軍人@政治家@大統領@弁護士,ニクソン,1913,1994,,アメリカ合衆国,,
大公@国王@皇帝,ニコライ2世,1868,1918,,ロシア帝国,,
発明家@企業家,ニューコメン,1664,1729,,,イギリス,
哲学者@自然哲学者@数学者@神学者,ニュートン,1642,1727,,,イギリス,
皇帝@君主@ハーン,ヌルハチ,1559,1626,太祖,清,,
政治家@軍人@総長@大統領,ネ・ウィン,1911,2002,シュマウン@高杉晋,ビルマ,,
政治家@首相@外相,ネヴィル・チェンバレン,1869,1940,,イギリス,イギリス,
銀行家@政治家@国王@貴族@文人,ネッケル,1732,1804,,フランス,フランス,
王,ネブカドネザル2世,,,ナブー・クドゥリ・ウツル2世,新バビロニア,,
首相@学者,ネルー,1889,1964,ジャワハルラール・ネルー,インド共和国,,
皇帝,ネロ,37,68,ネロ・クラウディウス・カエサル・ドルスス・ゲルマニクス ,古代ローマ,,
化学者@発明家@実業家,ノーベル,1833,1896,ダイナマイト王,スウェーデン王国,,
解剖学者@医師@学者,ハーヴェー,1578,1657,,,イギリス,
大工@発明家@シャー,ハーグリｰヴズ,1720頃,1778,,,イングランド,
大統領@カリフ,ハーディング,1865,1923,,アメリカ合衆国,,
君主@皇帝,バーブル,1483,1530,,ムガル帝国,,
カリフ,ハールーン・アッラシード,766,809,,アッバース朝,,
哲学者,ハイデッガー,1889,1976,,,ドイツ,
皇族@ハーン@皇帝,ハイドゥ,,1301,カイドゥ,,モンゴル,
作曲家@皇帝,ハイドン,1732,1809,,,ドイツ,
詩人@作家@ジャーナリスト@商人,ハイネ,1797,1856,,,ドイツ,
詩人,バイロン,1788,1824,,イギリス,イギリス,
皇帝@王@教皇@大公,ハインリヒ4世,1050,1106,,古代ローマ,,
理論家@著者@使徒,パウロ,1世紀,67,,ローマ帝国,,ユダヤ人
皇帝,パオ・ダイ,1913,1997,保大帝@バオダイ,,ヴェトナム,
哲学者@自然哲学者@思想家@数学者@キリスト教神学者,パスカル,1623,1662,,,フランス,
生化学者@細菌学者@開祖@学者,パストゥール,1822,1895,,フランス,フランス,
僧@皇帝,パスパ,1235頃,1280,パスパ@八思巴@発思八@抜合思巴@ロテ・ギャンツェン@パクパ,元,,
作曲家@音楽家,バッハ,1685,1750,,,ドイツ,
,バトゥ,1207,1255,抜都@巴禿@八都罕,,モンゴル,
軍人@首相,バドリオ,1871,1956,,,イタリア,
シャー@皇帝@国王,パフレヴィー2世,1919,1980,パフラヴィー2世,,イラン,
皇帝,バヤジット1世,1360,1403,バヤズィト1世,オスマン帝国,,
王@大王,ハルシャ・ヴァルダナ,590,647,シーラーディトヤ@戒日王,ヴァルダナ朝,,
政治家,ハルデンベルク,1750,1822,,,プロイセン,
航海者,バルトロメウ・ディアス,1450頃,1500,バーソロミュー・ディアス ,ポルトガル,,
政治家@哲学者@貴族@首相@党首@大臣,バルフォア,1848,1930,,イギリス,イギリス,
探検家@植民地政治家@貴族@総督,バルボア,1475頃,1517,,,スペイン,
将軍,ハンニバル,前246,前183,,カルタゴ,,
王,ハンムラビ,前18世紀,前17世紀,,バビロン第1王朝,,
教役者@文学者@著者,バンヤン,1628,1688,,,イギリス,
探検家,ピアリ,1856,1920,,アメリカ合衆国,,
首相@元首@学者,ピウスツキ,1867,1935,,ポーランド,,
物理学者@学者,ピエール・キュリー,1859,1906,キュリー夫妻,
聖職者@神学者@博士@教父,ヒエロニムス,340頃,419頃,,,ダルマティア,
画家@素描家@彫刻家,ピカソ,1881,1973,,,スペイン,
画家@漫画家,ビゴー,1860,1927,,フランス,フランス,
コンキスタドール@貴族@軍人,ピサロ,1471頃,1541,,,スペイン,
政治家@国王@貴族,ビスマルク,1815,1898,,,ドイツ,
哲学者@数学者,ピタゴラス,前582頃,前497頃,ピュータゴラース,,ギリシア,
政治家@首相@大臣,ビット,1759,1806,,イギリス,イギリス,
医学者@医者@医師,ヒッポクラテス,前460頃,前375頃,ヒポクラテス,,ギリシア,
総統@首相@大統領@党首@元首,ヒトラー,1889,1945,アドルフ・ヒトラー,,ドイツ,
宣教師@司教,ピニョー,1741,1799,,,フランス,
国王@王,ピピン3世,714,768,ピピン,カロリング朝,,
貴族@皇帝@ツァーリ,ピョートル1世,1672,1725,ピョートル大帝,ロシア帝国,,
革命家,ビリャ,1878,1923,ビーリャ@ビジャ@ビージャ,メキシコ,,
詩人,ピンダロス,前518,前438,,,ギリシア,
軍人@政治家@首相@大統領@総長,ヒンデンブルク,1847,1934,,,ドイツ,
カリフ@開祖,ファｰティマ,614または606,632,,,アラビア,
王@女王,フアナ,1749,1555,女王フアナ,カスティリャ,,
化学者@物理学者@学者,ファラデー,1791,1867,,,イングランド,
大統領,フアレス,1806,1872,,メキシコ,,
画家@国王@主席,ファン・ダイク,1599,1641,,,フランドル,
民族運動家,ファン・チュー・チン,1872,1926,,,ヴェトナム,
民族主義運動指導者,ファン・ボイ・チャウ,1867,1940,,,ヴェトナム,
哲学者,フィヒテ,1762,1814,,,,
王@使徒@摂政,フィリップ,1165,1223,尊厳王,,フランス,
王@君主@皇帝@教皇@官僚,フィリップ4世,1268,1314,端麗王,,フランス,
王@大王,フィリッポス2世,前382,前336,ピリッポス,マケドニア,,
詩人@王@君主@シャー,フィルドゥシー,940頃,1025,,ガズナ朝,,
大統領,フーヴァー,1874,1964,,アメリカ合衆国,,
イエズス会士,ブーヴェ,1656,1730,白進,,フランス,
詩人@作家,プーシキン,1799,1837,,ロシア帝国,,
画家,フーベルト・ファン・エイク,1366頃,1426,ファン・アイク兄弟（兄）,,イタリア,
哲学者@倫理学者@社会思想家@思想家@学者,フーリエ,1772,1837,,フランス,フランス,
彫刻家@監督,フェイディアス,前490頃,前430頃,ペイディアス,アテネ,,
国王@王@女王@君主,フェリペ2世,1527,1578,フィリップ1世@フィリペ1世,,スペイン,
皇帝@王,フェリペ3世,1578,1621,フィリペ2世,,スペイン,
王,フェリペ4世,1605,1665,フィリペ3世,,スペイン,
国王,フェリペ5世,1683,1746,,,スペイン,
皇帝@王@女王@大公,フェルディナント1世,1503,1564,フェルナンド,神聖ローマ帝国,,
王@女王,フェルナンド,1452,1516,フェルナンド5世@フェルナンド2世,アラゴン王国,,
宣教師,フェルビースト,1623,1688,南懐仁@南怀仁@勛卿@敦伯,,ベルギー,
画家,フェルメール,1632,1675,,,オランダ,
皇帝,プガチョフ,1742頃,1775,,ロシア帝国,,
独立運動指導者@国王@アミール@王@カリフ@スルタン,フサイン,1856,1931,,ヒジャーズ王国,,
宗教思想家@宗教改革者@思想家,フス,1370頃,1415,,ボヘミア王国,,
政治家@首相@大統領,フセイン,1937,2006,サッダーム・フセイン,イラク,,
政治家@大統領,ブッシュ,1924,,ジョージ・H・W・ブッシュ,アメリカ合衆国,,
天文学者@著者@学者,プトレマイオス,2世紀,168頃,,古代ローマ,,
ハーン@皇帝,フビライ・ハン,1215,1294,忽必烈,,モンゴル,
,ブライト,1811,1889,,イギリス,イギリス,
将軍@王族,ブラガンサ,1811,1875,セバスティアン・ガブリエル・デ・ボルボン・イ・ブラガンサ,,ブラジル,
ハーン,フラグ,1218,1265,フレグ@クレグ,,モンゴル,
彫刻家,プラクシテレス,前4世紀,,,アテネ,,
哲学者,プラトン,前427,前347,,,ギリシア,
修道士,プラノ・カルピニ,1182頃,1252,ジョヴァンニ・ダ・ピアン・デル・カルピネ@プラノ・カルピニ,,イタリア,
建築家,ブラマンテ,1444,1514,,,イタリア,
政治家@外交官@著述家@物理学者@気象学者@学者,フランクリン,1706,1790,,アメリカ合衆国,,
政治家@大統領,フランクリン・ルーズヴェルト,1882,1945,フランクリン・ルーズベルト,アメリカ合衆国,,
軍人@政治家@総統,フランコ,1892,1975,,,スペイン,
哲学者@神学者@法学者,フランシス・ベーコン,1561,1626,,,イギリス,
司祭@宣教師@王,フランシスコ・シャヴィエル,1506,1552,ザビエル,,スペイン,
王@君主,フランソワ1世,1494,1547,,,フランス,
修道士,フランチェスコ,1181頃,1226,アシジの聖フランシスコ,,イタリア,
大公,フランツ,1863,1914,,,オーストリア,
皇帝@大公,フランツ1世,1708,1765,,神聖ローマ帝国,,
首相@党首,ブラント,1913,1992,,ドイツ連邦共和国,,
政治家@首相@外相@大統領,ブリアン,1862,1932,,フランス,フランス,
皇帝,フリードリヒ,1503,1554,,,ドイツ,
王@軍人,フリードリヒ・ヴェルヘルム1世,1688,1740,兵隊王@軍人王,プロイセン王国,,
皇帝@王@大公,フリードリヒ1世,1122,1190,赤ひげ王,神聖ローマ帝国,,
王@君主@大王,フリードリヒ2世,1712,1786,,プロイセン王国,,
博物学者@文人@軍人@総督@学者,プリニウス,23,79,大プリニウス,古代ローマ,,
画家,ブリューゲル,1528,1569,ペーター@ペーテル,,イタリア,
社会主義者@無政府主義者,プルードン,1809,1865,,フランス,フランス,
政治家@首相,フルシチョフ,1894,1971,,ソヴィエト社会主義共和国連邦,,
著述家,プルタルコス,46頃,120頃,プルターク,古代ローマ,,
技術者@発明家,フルトン,1765,1815,,アメリカ合衆国,,
政治家@首相,ブルム,1872,1950,,フランス,フランス,
政治家@首相@元首,ブレジネフ,1907,1982,,ソヴィエト社会主義共和国連邦,,
君主,プレスター・ジョン,,,,,,
精神分析学者@精神科医@学者,フロイト,1856,1939,,,オーストリア,
哲学者@ソフィスト,プロタゴラス,前485頃,前415頃,,,ギリシア,
学者@カリフ,フワーリズミー,780,850,,アッバース朝,,
僭主@貴族,ペイシストラトス,前600頃,前527,,アテネ,,
哲学者@思想家,ヘーゲル,1770,1831,,,ドイツ,
航海士@探検家,ベーリング,1681,1741,,,デンマーク,
詩人,ヘシオドス,前700頃,,,,ギリシア,
軍人@政治家@首相@主席,ペタン,1856,1951,,フランス,フランス,
地理学者@中央アジア探検家@学者,ヘディン,1865,1952,,スウェーデン王国,,
使徒,ペテロ,1世紀,67,シモン・ペトロ@ペテロ@ケファ,,パレスティナ,ユダヤ人
詩人@人文主義者@学者,ペトラルカ,1304,1374,フランチェスコ・ペトラッコ,,イタリア,
修道士,ベネディクトゥス,480頃,543頃,ベネディクト@ベンディクト,,イタリア,
小説家@詩人,ヘミングウェー,1899,1961,ヘミングウェイ,アメリカ合衆国,,
開祖@皇帝,ヘラクレイオス1世,575,641,イラクリオス,東ローマ帝国,,
哲学者,ヘラクレイトス,前544頃,前480頃,,,ギリシア,
画家,ベラスケス,1599,1660,,,スペイン,
軍人,ペリー,1794,1858,,アメリカ合衆国,,
政治家@軍人@将軍@貴族,ペリクレス,前495,前429,大ペリクレス,アテネ,,
科学者@発明家@工学者,ベル,1847,1922,,スコットランド,,
生理学者@物理学者@学者,ヘルムホルツ,1821,1894,,,ドイツ,
理論家@政治家,ベルンシュタイン,1850,1932,,ドイツ帝国,ドイツ,
歴史家,ヘロドトス,前484頃,前425頃,,,ギリシア,
軍人@政治家　@大統領,ペロン,1895,1974,,アルゼンチン,,
哲学者@経済学者@法学者@学者,ベンサム,1748,1832,ベンタム,イギリス,イギリス,
作曲家,ヘンデル,1685,1759,ハンドル@ヘンドル,,ドイツ,
王@君主@皇后@貴族@皇帝,ヘンリ2世,1133,1189,,,イギリス,
王,ヘンリ3世,1207,1272,,,イギリス,
国王@王@君主@貴族@皇帝,ヘンリ7世,1457,1509,,,イギリス,
王,ヘンリ8世,1491,1547,,,イギリス,
発明家,ホイットニー,1765,1825,,アメリカ合衆国,,
自然哲学者@化学者@物理学者@発明家@貴族@学者,ボイル,1626,1691,,,アイルランド,
革命家@政治家@主席,ホー・チ・ミン,1890,1969,グエン・シン・クン@グエン・タト・タイン@グエン・アイ・クォック@ホーおじさん,,ヴェトナム,
海賊@私掠船船長@奴隷商人@海軍提督@商人@船長@提督,ホーキンズ,1532,1595,,,イギリス,
詩人@評論家,ボードレール,1821,1867,,フランス,フランス,
政治家,ホーネッカー,1912,1994,,ドイツ民主共和国,,
カトリック司教@神学者@司教,ボシュエ,1627,1704,レーグル・ド・モー,,フランス,
ハーン@君主@シャー@王族,ホスロー1世,,579,,ササン朝ペルシア,,
医師@著作家@画家@学者,ホセ・リサール,1861,1896,,,フィリピン,
経済学者@法学者@弁護士@学者,ボダン,1530,1596,ボーダン,,フランス,
詩人@作家@商人@教師,ボッカチオ,1313,1375,,,イタリア,
画家,ボッティチェリ,1444頃,1510,アレッサンドロ・ディ・マリアーノ・フィリペーピ ,,イタリア,
哲学者,ホッブズ,1588,1679,,,イギリス,
王@教皇,ボニファテイウス8世,1235,1303,,古代ローマ,,
政治家@法学者@皇帝@元首,ホメイニ,1902,1989,,,イラン,
詩人,ホメロス,前8世紀頃,,ホメーロス,,ギリシア,
詩人,ホラティウス,前65,前8,,古代ローマ,,
歴史家,ポリビオス,前201頃,前120頃,ホリュビオス,,ギリシア,
軍人@君主@国王@摂政@元首,ホルティ,1868,1959,ミクローシュ・ホルティ・ド・ナジバーニャ,ハンガリー,,
画家@作家,ホルバイン,1497,1543,,,ドイツ,
王@君主@皇帝@ハーン,ホンタイジ,1592,1643,太宗,清,,
軍人@政治家,ポンペイウス,前106,前48,,古代ローマ,,
物理学者@学者,マイヤー,1814,1878,,,ドイツ,
外交官@植民地行政官,マカートニー,1737,1806,,イギリス,イギリス,
政治思想家@外交官@君主@思想家,マキァヴェリ,1469,1527,,,イタリア,
王@国王@皇帝,マクシミリアン,1832,1867,フェルディナント・マクシミリアン・ヨーゼフ・フォン・ハプスブルク・ロートリンゲン,メキシコ,,
皇帝@大公,マクシミリアン1世,1459,1519,,神聖ローマ帝国,,
皇帝@王,マクシミリアン2世,1527,1576,,神聖ローマ帝国,,
政治家@労働党党首@党首@首相,マクドナルド,1866,1937,,イギリス,イギリス,
政治家@枢機卿,マザラン,1602,1661,ジュリオ・マッツァリーノ@ユリウス・ライムンドゥス・マザリヌス@ジュール・レーモン・マザラン@ジュール・マザラン,,フランス,
航海者@探検家,マゼラン,1480頃,1521,フェルナン・デ・マガリャンイス@フェルナンド・デ・マガリャネス@エルナンド,ポルトガル,,
大統領,マッキンリー,1843,1901,,アメリカ合衆国,,
社会学者@経済学者@学者,マックス・ウェーバー,1864,1920,マックス・ヴェーバー,,ドイツ,
政治家@革命家@教皇@王@首相@弁護士,マッツィーニ,1805,1872,,,イタリア,
画家,マティス,1869,1954,,フランス,フランス,
司祭,マテオ・リッチ,1552,1610,利瑪竇,,イタリア,
革命家@農民@大統領@大使@大臣@カリフ,マデロ,1873,1913,,メキシコ,,
預言者@開祖,マニ,216頃,276,マーニー,ササン朝ペルシア,,
画家,マネ,1832,1883,,フランス,フランス,
君主@大公@皇后@皇帝@女王@女帝,マリア・テレジア,1717,1780,,,オーストリア,
国王,マリー・アントワネット,1755,1793,,,フランス,
物理学者@科学者@学者,マリー・キュリー,1867,1934,キュリー夫人@キュリー夫妻,ポーランド,,
軍人@政治家,マリウス,前157頃,前86,大マリウス,古代ローマ,,
女優@カリフ,マリリン・モンロー,1926,1962,ノーマ・ジーン・モーテンソン@ノーマ・ジーン・ベイカー,アメリカ合衆国,,
皇后@皇帝@王,マルガレーテ・テレジア,1651,1673,マルガリータ・テレーザ・フォン・シュパーニエン,,スペイン,
哲学者@思想家@経済学者@革命家@学者,マルクス,1818,1883,,,ドイツ,
皇帝@君主,マルクス・アウレリウス,121,180,哲人皇帝@マルクス・アウレリウス・アントニヌス,古代ローマ,,
摂政@女王,マルグレーテ,1353,1412,,,デンマーク,
商人,マルコ・ポーロ,1254,1324,,,イタリア,
政治家@独裁者@大統領,マルコス,1917,1989,,フィリピン,,
経済学者@学者,マルサス,1766,1834,,イギリス,イギリス,
神学者@牧師,マルティン・ルター,1483,1546,ルター,,ドイツ,
政治家@弁護士@大統領@博士,マンデラ,1918,2013,,南アフリカ共和国,,
画家@彫刻家@詩人,ミケランジェロ,1475,1564,,,イタリア,
政治家@大統領@元首,ミッテラン,1916,1996,,フランス,フランス,
政治家@官僚@首相@君主@皇帝,ミドハト・パシャ,1822,1884,,オスマン帝国,,
ツァーリ@君主,ミハイル・ロマノフ,1596,1643,,,ロシア,
フランス革命指導者,ミラボー,1749,1791,,,フランス,
詩人,ミルトン,1608,1674,,,イギリス,
画家,ミレー,1814,1875,,,,
カリフ,ムアーウィヤ,603頃,680,ムアーウィヤ1世,ウマイヤ朝,,
王,ムーサー,,1337頃,マンサ・ムーサー,マリ,,
民族運動家,ムスタファ・カーミル,1874,1908,,,エジプト,
政治家@教師@軍人@首相,ムッソリーニ,1883,1945,,,イタリア,
開祖@軍事指導者@政治家@君主@使徒@軍人,ムハンマド,570頃,632,,,アラビア,
ウラマー@イスラーム改革思想家@思想家,ムハンマド・アブドゥフ,1849,1905,,,エジプト,
,ムハンマド・アフマド,1844,1885,,スーダン,,
隊長@総督@大王,ムハンマド・アリー,1769,1849,メフメト・アリー,,エジプト,
政治家@外交官@軍人@総督,ムラヴィヨフ,1809,1881,,ロシア帝国,,
王@女王,メアリ1世,1516,1558,ブラッディ・メアリー,,イギリス,
女王,メアリ2世,1662,1694,,,イングランド,
政治家@外相,メッテルニヒ,1773,1859,,,オーストリア,
君主@皇帝@スルタン@大王,メフメト2世,1432,1481,,オスマン帝国,,
司祭,メンデル,1822,1884,,,オーストリア,
作曲家@演奏家@教師,モーツァルト,1756,1791,,,ドイツ,
,モーセ,前13世紀頃,前13世紀頃,,,エジプト,
画家@発明家,モールス,1791,1872,サミュエル・モース,アメリカ合衆国,,
政治家@首相,モサデグ,1882,1967,モハンマド@モサッデク,,イラン,
劇作家@作家@医者@俳優@貴族,モリエール,1622,1673,ジャン・バティスト・ポクラン,,フランス,
皇帝@ハーン,モンケ・ハン,1209,1259,,,モンゴル,
司祭@宣教師,モンテ・コルヴィノ,1247,1328,,,イタリア,
哲学者@モラリスト@懐疑論者@人文主義者,モンテーニュ,1533,1592,,,フランス,
哲学者,モンテスキュー,1689,1755,シャルル・ルイ・ド・スゴンダ,,フランス,
黒人奴隷農場主@大統領,モンロー,1758,1831,,アメリカ合衆国,,
言語学@文学者@法学者@学者,ヤーコプ,1785,1863,グリム兄弟,
王@大公,ヤゲウォ,1351,1434,ヴワディスワフ2世ヤギェウォ@ヨガイラ,ヤゲウォ朝,,
画家,ヤン・ファン・エイク,1395頃,1441,ファン・アイク兄弟,,,
王,ユーグ・カペー,940,990,,カペー朝,,
詩人@小説家@政治家,ユゴー,1802,1885,ユーゴー,フランス,フランス,
皇帝,ユスティニアヌス帝,483,565,ユスティニアヌス１世,東ローマ帝国,,
皇帝,ヨーゼフ1世,1678,1711,,神聖ローマ帝国,,
皇帝@大公@君主@王,ヨーゼフ2世,1741,1790,ヨーゼフ・ベネディクト・アウグスト・ヨハン・アントン・ミヒャエル・アダム・フォン・ハプスブルク・ロートリンゲン,神聖ローマ帝国,,
軍人@政治家,ラ・ファイエット,1757,1834,,フランス,フランス,
哲学者@数学者,ライプニッツ,1646,1716,,,ドイツ,
化学者@医者@貴族@医師,ラヴォワジェ,1743,1794,,,フランス,
軍人@隊長@学者,ラクスマン,1766,1803頃,,ロシア帝国,,
政治家@君主@医師,ラシード・ウッディーン,1249,1318,,イル・ハン国,,
劇作家@悲劇作家@作家@王,ラシーヌ,1639,1699,,,フランス,
カトリック司祭@司教@司祭,ラス・カサス,1474,1566,,,スペイン,
画家@建築家@教皇@作家@職人,ラファエロ,1483,1520,,,イタリア,
自然科学者@数学者@物理学者@天文学者@学者,ラプラース,1749,1827,,フランス,フランス,
人文主義者@作家@医師,ラブレー,1494,1553,,,フランス,
大王,ラメス2世,前1314@前1302,前1224@前1212,ラムセス2世,,エジプト,
歴史家@学者,ランケ,1795,1886,,,ドイツ,
詩人,ランボー,1854,1891,,フランス,フランス,
歴史家,リヴィウス,前59,17,リウィウス,古代ローマ,,
探検家@宣教師@医師,リヴィングストン,1813,1873,,イギリス,イギリス,
経済学者@学者,リカード,1772,1823,,イギリス,イギリス,
政治家@枢機卿,リシュリュー,1585,1642,,,フランス,
経済学者@学者,リスト,1789,1846,,,ドイツ,
生化学者@分子生物学者@シャー,リチャード・ロバーツ,1943,,,イギリス,イギリス,
王,リチャード1世,1157,1199,獅子心王,,イギリス,
政治家@弁護士@大統領,リンカーン,1809,1865,エイブラハム・リンカーン,アメリカ合衆国,,
博物学者@生物学者@植物学者@学者,リンネ,1707,1778,カロルス・リンナエウス@分類学の父,スウェーデン王国,,
国王,ルイ・フィリップ,1773,1850,,フランス,フランス,
政治家@歴史家@農民,ルイ・ブラン,1811,1882,,フランス,フランス,
王@君主@枢機卿@国王@摂政,ルイ13世,1601,1643,ルイス2世,,フランス,
王@君主@国王@元首@思想家,ルイ14世,1638,1715,ルイス3世,,フランス,
王@枢機卿@国王@摂政,ルイ15世,1710,1774,ルイス4世@最愛王,,フランス,
王@君主@皇后@国王@皇帝,ルイ16世,1754,1793,ルイス5世,,フランス,
国王,ルイ18世,1755,1824,ルイス7世,フランス,フランス,
王@国王,ルイ9世,1214,1270,,,フランス,
画家@王@学者@貴族,ルーベンス,1577,1640,ペーテル・パウル・リュベンス@ピーテル・パウル・リュベンス,,フランドル,
哲学者@作家,ルソー,1712,1778,,,フランス,
画家@俳優@監督,ルノワール,1841,1919,,フランス,フランス,
社会人類学者@民族学者@学者,レヴィ・ストロース,1908,2009,,ベルギー王国,,
俳優@政治家@大統領,レーガン,1911,2004,,アメリカ合衆国,,
革命家@政治家,レーニン,1870,1924,ウラジーミル・イリイチ・ウリヤノフ,ロシア帝国,,
教皇,レオ10世,1475,1521,ジョヴァンニ・デ・メディチ,,イタリア,
教皇,レオ3世,750頃,816,,古代ローマ,,
画家@科学者@農夫,レオナルド・ダ・ヴィンチ,1452,1519,万能人@レオナルド・ディ・セル・ピエーロ・ダ・ヴィンチ,,イタリア,
皇帝@大公@王,レオポルト1世,1640,1705,,神聖ローマ帝国,,
国王,レオポルド2世,1835,1909,,ベルギー王国,,
王@皇帝@司令官,レオン3世,685,741,レオ,東ローマ帝国,,
シャー@皇帝@ハーン,レザー・ハーン,1878,1944,レザー・シャー,,イラン,
外交官@カリフ@隊長,レザノフ,1764,1807,,ロシア帝国,,
外交官@実業家,レセップス,1805,1894,,フランス,フランス,
政治家@軍人,レピドゥス,,前13頃,,古代ローマ,,
物理学者@学者,レントゲン,1845,1923,,,ドイツ,
画家,レンブラント,1606,1669,,,オランダ,
政治家@貴族@首相,ロイド・ジョージ,1863,1945,初代ロイド・ジョージ・オブ・ドワィフォー伯爵,イギリス,イギリス,
,ロイヒリン,1455,1522,,,ドイツ,
政治理論家@哲学者@革命家,ローザ・ルクセンブルク,1871,1919,,ポーランド,,
学者,ローリンソン,1810,1895,,イギリス,イギリス,
哲学者@司祭@博士,ロジャー・ベーコン,1214頃,1291,,,イギリス,
彫刻家,ロダン,1840,1917,,フランス,フランス,
哲学者,ロック,1632,1704,,,イギリス,
社会改革家,ロバート・オーウェン,1771,1858,,イギリス,イギリス,
政治家@革命指導者,ロベスピエール,1758,1794,,,フランス,
作家,ロマン・ロラン,1866,1944,,フランス,フランス,
作曲家@指揮者@王,ワグナー,1813,1883,楽劇王,,ドイツ,
軍人@政治家@黒人奴隷農場主@大統領,ワシントン,1732,1799,ジョージ=ワシントン,アメリカ合衆国,,
発明家@エンジニア,ワット,1736,1819,,スコットランド,,
農夫@司教@国王@職人@農民,ワット・タイラー,,1381,,,イギリス,
画家,ワトー,1684,1721,フェート・ギャラント,,フランス,
政治家@労働組合指導者@電気技師@大統領@技師,ワレサ,1943,,レフ・ヴァウェンサ,ポーランド,,
環境保護活動家@博士,ワンガリ・マータイ,1940,2011,,ケニア,,
政治家@大統領,ンクルマ,1909,1972,エンクルマ,ガーナ,,
高官,阿倍仲麻呂,698,770,仲満@晁衡@朝衡@朝臣,日本,,
皇帝@軍人,安禄山,705,757,康南海,唐,,
武士@政治家@貴族@大臣,伊藤博文,1841,1909,滄浪閣主人@春畝公,日本,,
商人@測量士,伊能忠敬,1745,1818,郎右衛門@勘解由,日本,,
皇帝,永楽帝,1360,1424,成祖,明,,
僧,円仁,794,864,慈覚大師,日本,,
政治家@歴史学者@詩人@文学者@学者,欧陽脩,1007,1072,永叔@醉翁@六一居士@文忠,北宋,,
政治家@詩人@文章家@王,王安石,1021,1086,介甫@半山,北宋,,
詩人@書家@画家@王@音楽家@官僚,王維,701頃,761,摩詰@王右丞@詩仏,唐,,
王@大王,王建,877,943,太祖,高麗,,
儒学者@思想家@王,王守仁,1472,1528,王陽明,明,,
王,王昭君,前1世紀頃,,嬙@昭君,匈奴,,
反乱指導者@王,王仙芝,,878,,唐,,
政治家@書家@王@将軍@貴族,王羲之,307頃,365頃,逸少@王右軍,東晋,,
政治家@書家@王@将軍@貴族,王羲之,303,361,王右軍,東晋,,
皇帝@王@皇后,王莽,前45,23,巨君,新,,
水墨画家@王@発明家,黄公望,1269,1354,,元,,
儒学者,黄宋義,1610,1695,,清,,
指導者,黄巣,,884,,唐,,
皇帝,嘉慶帝,1760,1820,仁宗,清,,
天文学者@暦学者@水利事業家,郭守敬,1231,1316,若思,元,,
武将,岳飛,1103,1141,,南宋,,
皇帝,乾隆帝,1711,1799,高宗,清,,
皇帝,完顔阿骨打,1068,1123,阿骨@太祖,金,,
軍事大使@大使,甘英,1世紀,,崇蘭,後漢,,
思想家@詩人@法家@著者@人物,韓非,,前233,韓子@韓非子,秦,,
文人@士大夫,韓愈,768,824,韓退之,唐,,
書家,顔真卿,709,786頃,清臣,唐,,
皇帝,徽宗,1082,1135,体神合道駿烈遜功聖文仁徳憲慈顕孝皇帝@佶,北宋,,
僧,義浄,635,715,,唐,,
皇帝,欽宗,1100,1165,亶@趙烜@趙桓@恭文順徳仁孝皇帝@欽宗,北宋,,
政治家@大統領@博士,金泳三,1927,,きんえいさん,大韓民国,,
政治家,金玉均,1851,1894,伯温@古愚,李氏朝鮮,,
政治家@大統領@博士,金大中,1925,2007,きんだいちゅう,大韓民国,,
政治家@軍人@首相@主席@党首,金日成,1912,1994,きんにっせい,朝鮮民主主義人民共和国,,
政治家@詩人@王,屈原,前340,前278,羋@屈@平@正則@原,楚,,
皇帝,建文帝,1377,1402,允炆,明,,
皇帝,玄宗,685,762,隆基,唐,,
僧@開祖,玄奘,600頃,664,玄奘三蔵@三蔵法師,唐,,
学者@思想家@外交官,胡適,1891,1962,嗣穈@希疆@適@適之,中華民国,,
儒学者@始祖,顧炎武,1613,1682,,清,,
儒学者,顧憲成,1550,1612,叔時@涇陽@文端,明,,
画家@将軍,顧愷之,344頃,405頃,長康@顧虎頭,東晋,,
軍人@政治家@軍事思想家@兵家@思想家,呉子,前440頃,前381,呉起,,中国,
,呉広,,,,,中国,
軍人@皇帝@王,呉三桂,1612,1678,月所@長白@太祖 ,明@清,,
画家,呉道玄,8世紀,,画聖,唐,,
皇帝,光緒帝,1871,1908,徳宗,清,,
学者@博士,孔穎達,574,648,,唐,,
思想家@哲学者@始祖,孔子,前551頃,前479,孔@丘@仲尼,,中国,
皇帝,孝文帝,467,499,宏,北魏,,
王@大王,広開土王,374,412,好太王,高句麗,,
思想家@政治家@書家,康有為,1858,1927,康南海,清,,
皇帝,康熙帝,1654,1722,聖祖,清,,
宗教家@革命家,洪秀全,1813,1864,洪火秀@仁坤@,清,,
武将,項羽,前232,前202,項籍@羽,,中国,
皇帝,高宗,649,683,李治@為善@稚奴@天皇大聖大弘孝皇帝,唐,,
国王@王@皇帝@王族,高宗,1852,1919,徳寿宮李太王@光武皇帝@翼成君,李氏朝鮮,,
大臣@官僚@総督,左宗棠,1812,1885,老亮@諸葛亮,清,,
皇帝@王,司馬炎,236,290,武帝,西晋,,
儒学者@歴史家@政治家@王@編者,司馬光,1019,1086,君実@迂叟@涑水先生@文正,北宋,,
歴史家@著者,司馬遷,前145頃,前86頃,司馬@遷@子長,前漢,,
皇帝@王,司馬睿,276,322,元帝,東晋,,
軍人@皇帝,史思明,,761,史窣幹@思明@大聖周皇帝 ,唐,,
王@皇帝,始皇帝,前259,前210,嬴@秦王政@秦始皇,秦,,
政治家@小説家@司令官@総督,柴四郎,1853,1922,柴四朗@東海散士,日本,,
皇帝,朱元璋,1328,1398,太祖@洪武帝,明,,
皇帝,朱全忠,852,912,太祖@温@全忠@晃,後梁 ,,
儒学者,朱熹,1130,1200,朱子,南宋,,
政治家@首相,周恩来,1898,1976,不倒翁,中華人民共和国,中国,
儒学者,周敦頣,1017,1073,茂叔@濂渓@周敦頤,北宋,,
天文暦学者@囲碁棋士@神道家,渋川春海,1639,1715,安井算哲,日本,,
皇帝,順治帝,1638,1661,世祖,清,,
暦数学者@学者,徐光啓,1562,1633,子先,明,,
政治家@将軍@法家@兵家,商鞅,,前338,姫@公孫@鞅@衛鞅,秦,,
皇族@王@文人,昭明太子,501,531,蕭統,梁,,
政治家@軍人@総統@主席@元首,蒋介石,1887,1975,蒋中正,中華民国,,
武将@戦国大名@大名,織田信長,1534,1582,吉法師@三郎@上総守@上総介@右大将@右府@第六天魔王@大うつけ@赤鬼 神号 建勲 ,日本,,
皇帝,神宗,1048,1085,趙仲鍼@趙頊@体元顕道法古立憲帝徳王功英文烈武欽仁聖孝皇帝@神宗,北宋,,
王,秦檜,1090,1155,会之,南宋,,
国王@大王,世宗,1397,1450,寧君@忠寧大君,李氏朝鮮,,
皇帝,正統帝,1427,1464,英宗@天順帝,明,,
皇后,西太后,1835,1908,慈禧太后@老仏爺,清,,
皇帝,宣統帝,1906,1967,溥儀,清,,
軍人@政治家@大統領,全斗煥,1931,,旌善全氏@日海,大韓民国,,
農民,全琫準,1854,1895,,李氏朝鮮,,
軍人@政治家,曽国藩,1811,1872,伯函@滌生@文正,清,,
弁論家,蘇秦,,前317,,,中国,
政治家@詩人@書家,蘇軾,1036,1101,蘇東坡,北宋,,
学者@著者,宋応星,1590頃,1650頃,,明,,
武将@政治家@詩人@皇帝@王,曹操,155,220,孟徳@阿瞞@吉利,後漢,,
皇帝,曹丕,187,226,文帝,魏,,
思想家@始祖,荘子,前4世紀頃,前286頃,荘周,,中国,
女帝@皇帝@皇后,則天武后,624頃,705,武則天@照@曌,武周,,
国王@大名@将軍,足利義満,1358,1408,,日本,,
武将,孫子,,,,,中国,
皇帝@君主,孫権,182,252,仲謀@大皇帝@太祖 ,呉,,
政治家@革命家@総統,孫文,1866,1925,国父@孫中山,中華民国,,
皇帝,太宗,598,649,李世民,唐,,
皇帝,太宗,939,997,匡義@光義@炅,北宋,,
皇帝,太武帝,408,452,拓跋燾@ 仏狸@太武皇帝@世祖 ,北魏,,
政治家@シャー@国王@神父@王@王族,大院君,1820,1898,時伯@石坡@海東居士@李昰応,李氏朝鮮,,
王,大祚栄,,719,大氏@高王,渤海国,,
教祖,張角,,184,,後漢,,
軍人@政治家,張学良,1901,2001,漢卿,中華民国,,
遊説家@政治家,張儀,,前309,,,中国,
政治家,張居正,1525,1582,叔大@上柱国@太岳@文忠,明,,
政治家@天文学者@数学者@地理学者@発明家@製図家@文学者@詩人@学者,張衡,78,139,平子,後漢,,
政治家,張作霖,1875,1928,雨亭,中華民国,,
開祖@王,張陵,,,輔漢@張翳@大順,,中国,
政治家@外交官,張騫,,前114,子文,前漢,,
官僚@著者,陳寿,233,297,承祚,蜀@西晋,,
反乱指導者,陳勝,,前209,渉@隠王,,中国,
革命家@ジャーナリスト@政治家,陳独秀,1879,1942,仲甫@実庵,中華民国,,
学者,鄭玄,127,200,康成,後漢,,
軍人@政治家,鄭成功,1624,1662,国姓爺,明,,
武将@宦官,鄭和,1371,1434頃,三保太監@三宝太監,明,,
陸軍軍人@政治家@貴族@軍人@大臣,田中義一,1864,1929,,日本,,
詩人,杜甫,712,770,子美@少陵野老@杜陵野老@杜陵布衣@杜少陵@杜工部@詩聖,唐,,
儒学者@学者@博士,董仲舒,前176頃,前104頃,,前漢,,
文学者@詩人,陶潜,365頃,427,陶淵明,東晋@宋,,
皇帝,同治帝,1856,1875,載淳@穆宗,清,,
皇帝,道光帝,1782,1850,宣宗,清,,
武将@戦国大名@大名,徳川家康,1542,1616,次郎三郎@竹千代,日本,,
詩人,白居易,772,846,白楽天,唐,,
訳経僧@僧,鳩摩羅什,344,413,羅什@什@クマーラジーヴァ,亀茲国,,
歴史家@文学者,班固,32,92,孟堅,後漢,,
軍人@シャー,班超,32,102,仲升@定遠侯,後漢,,
女王王@,卑弥呼,,248,親魏倭王,邪馬台国,,
皇帝,武帝,前156,前87,劉徹@通@孝武皇帝@世宗,前漢,,
僧,仏図澄,,348,帛@ブドチンガ,亀茲国,,
僧,法顕,337頃,422頃,龔,東晋,,
武将@天下人@関白@太閤@大名,豊臣秀吉,1537,1598,羽柴 秀吉,日本,,
皇帝@王@君主,冒頓単于,,前174,,匈奴,,
思想家@始祖,墨子,前480頃,前390頃,翟,中国
軍人@政治家@大統領,朴正煕,1917,1979,ぼくせいき,大韓民国,,
皇帝,万暦帝,1563,1620,神宗,明,,
儒学者,孟子,前372頃,前289頃,孟子@孟@軻@子輿@亜聖,,中国,
政治家@軍事戦略家@思想家@主席@詩人,毛沢東,1893,1976,マオ・ツォートン,中華人民共和国,,
皇帝,耶律阿保機,872,926,劉億@阿保機@啜里只@大聖大明神烈天皇帝@太祖,遼,,
皇帝,耶律大石,1087,1143,重徳@文烈皇帝@天祐皇帝@徳宗,西遼,,
文学者@政治家@王@詩人,柳宗元,773,819,子厚,唐,,
皇帝,楊堅,541,604,文帝,隋,,
皇帝@王,李元昊,1003,1048,趙元昊@嵬名曩霄@武烈皇帝@世祖始文本武興法建礼仁孝皇帝@景宗 ,西夏,,
政治家@大使@大臣,李鴻章,1823,1901,少荃,清,,
法家@皇帝,李斯,,前210,通古,秦,,
医師@本草学者,李時珍,1523頃,1596頃,東璧@瀕湖仙人,明,,
農民反乱指導者@皇帝,李自成,1606,1645,順王朝,明,,
将軍,李舜臣,1545,1598,汝諧@忠武公,李氏朝鮮,,
独立運動家@大統領,李承晩,1875,1965,りしょうばん,大韓民国,,
武官@王@国王@皇帝,李成桂,1335,1408,太祖高皇帝,李氏朝鮮,,
政治家,李大釗,1889,1927,,中華民国,,
政治家@農業経済学者元@中華民国総統@博士@主席,李登輝,1923,,岩里政男,中華民国,,
詩人,李白,701,762,太白@青蓮居士@詩仙,唐,,
皇帝@王,李淵,565,635,高祖,唐,,
思想家@評論家,李贄,1527,1602,林載贄@李贄@李卓吾@宏甫@篤吾@龍湖叟@温陵居士,明,,
儒学者@官僚@学者@王,陸九淵,1139,1192,陸象山,南宋,,
軍人,劉永福,1837,1917,淵亭,清,,
皇帝@王,劉秀,前6,57,光武帝,後漢,,
政治家@主席,劉少奇,1898,1969,凱豊@胡服,中華人民共和国,,
武将@皇帝,劉備,161,223,玄徳@昭烈皇帝@ 太宗@烈祖,後漢,,
皇帝@王,劉邦,前247,前195,高祖,前漢,,
政治家@ジャーナリスト@歴史学者@学者,梁啓超,1873,1929,卓如@任公,清,,
官僚@政治家@欽差大臣@大臣,林則徐,1785,1850,少穆@文忠,清,,
小説家@翻訳家@思想家@学者,魯迅,1881,1936,周樹人,中華人民共和国,,
哲学者@貴族,老子,,,,,中国,
画家,倪瓚,1301,1374,,元,,
皇帝,咸豊帝,1831,1861,文宗,清,,
皇帝,咸豊帝,1831,1861,奕詝@文宗,清,,
道士,寇謙之,363,448,輔真,北魏,,
宗教家,崔済愚,1824,1864,子昂@松雪,李氏朝鮮,,
政治家,汪兆銘,1883,1944,季新@精衛@汪精衛,中華民国,,
皇帝,溥儀,1906,1967,愛新覚羅 溥儀,清,,
皇帝,煬帝,569,618,明皇帝@煬皇帝@世祖 ,隋,,
軍人@政治家@大統領,盧泰愚,1932,,交河盧氏,大韓民国,,
思想家@儒学者,荀子,前298頃,前235頃,況@卿,,中国,
宦官,蔡倫,,107頃,敬仲,後漢,,
軍人@政治家@皇帝@総統@大臣,袁世凱,1859,1916,洪憲皇帝,清@中華民国,,
皇帝,趙匡胤,927,976,啓運立極英武皇帝睿文神徳聖功至明大孝皇帝@太祖,後周,,
政治家@文人@書家@皇帝@画家,趙孟頫,1254,1322,子昂@松雪@趙子昂@趙松雪,南宋,,
,鄒衍,前305,前240,,,中国,
考証学者@学者,錢大昕,1728,1804,考証学者@暁徴@辛眉@竹汀,清,,
画家@貴族,閻立本,,673,,唐,,
皇帝,阮福瑛,1762,1820,嘉隆帝,,ヴェトナム,
皇帝,雍正帝,1678,1735,世宗,清,,
思想家,魏源,1794,1856,遠達@黙深@墨生@漢士@良図,清,,
政治家,鄧小平,1904,1997,,中華人民共和国,,
政治家@書家@皇后,褚遂良,596,658,登善@褚河南,唐,,
王,クフ王,前27世紀,,,,,
王,アッシュル・バニパル,,,,,,
王,カンビュセス2世,,,,,,
王,ミトラダテス1世,,,,,,
王,ホスロー2世,,,,ササン朝,,
学者,グローテフェント,,,,,,
皇帝,ヴァレリアヌス,,,ウァレリアヌス,,,
族長,アルサケス,,,,,,
立法者,ドラコン,前7世紀,,,アテネ,,
詩人,アナクレオン,前570頃,,,,,
貴族,キュロン,前7世紀,前632,,アテネ,,
王,孝公,前381,前338,,秦,,
王@建設者,武王,前11世紀,,,周,,
思想家@名家,公孫竜,前4世紀,前3世紀頃,,趙,,
帝王,堯,,,,中国,,
帝王,舜,,,,中国,,
帝王,禹,,,,中国,,
覇者@王,桓公,,前643,,斉,春秋の五覇,
覇者@王,文公,前696,前628,,晋,春秋の五覇,
覇者@王,荘王,,前591,,楚,春秋の五覇,
覇者@王,穆公,,前621,,秦,,
覇者@王,襄公,,前637,,宋,,
覇者@王,闔閭,,前496,,呉,春秋の五覇,
覇者@王,夫差,,前473,,呉,春秋の五覇,
覇者@王,勾践,,前465,,越,春秋の五覇,
覇者@総称,春秋の五覇,春秋時代,,,桓公@文公@荘王@閨閭@夫差@勾践,,
兵法家@武将,孫武,春秋時代,,,,,
医師,ガレノス,131,201,,ギリシア,,
王,ダレイオス3世,前380,前330,,アケメネス朝,,
共和主義者@政治家@軍人,ブルートゥス,前85,前42,ブルトゥス@ブルータス,,,
皇帝,ネルウァ,35,98,ネルヴァ,ローマ帝国,五賢帝,
皇帝,トラヤヌス,53,117,,ローマ帝国,五賢帝,
皇帝,ハドリアヌス,76,138,,ローマ帝国,五賢帝,
皇帝,アントニヌス,86,161,アントニヌス・ピウス,ローマ帝国,五賢帝,
皇帝,カラカラ,188,217,,,,
皇帝,ウァレリアヌス,193@195@200,260@264,ヴァレリアヌス,ローマ帝国,,
皇帝,マクシミヌス,173頃,238,,ローマ帝国,,
皇帝,ユリアヌス,331,363,,ローマ帝国,,
皇帝@総称,五賢帝,,,,ネルウァ@トラヤヌス@ハドリアヌス@アントニヌス@マルクス・アウレリウス,ローマ帝国,
総督,ポンティウス・ピラトゥス,,,ポンテオ・ピラト,ローマ帝国@ユダヤ,,
哲学者,プロティノス,205頃,269,,新プラトン主義,,
法学者,トリボニアヌス,,543,,ビザンティン帝国,,
王,趙佗,前240頃,前137,,南越,,
王,大秦王安敦,,,,マルクス・アウレリウス・アントニヌス,史書,
王@総称,倭の五王,,,,讃@珍@済@興@武,応神@仁徳@履中@反正@仁徳@允恭@安康@雄略,
王族,劉淵,,310,,匈奴,,
画家,李思訓,651頃,718,,唐,,
画家,夏珪,,,,南宋,,
画家,馬遠,,,,南宋,,
画家,梁楷,,,,南宋,,
画家@禅僧,牧谿,,,,北宋@元,,
学者,劉向,前77,前6,,漢,,
学者,顔師古,581,645,,唐,,
妃,楊貴妃,719,756,,玄宗,唐,
建国者,衛満,,,,衛氏朝鮮,,
遣隋使,小野妹子,,,,,,
皇后,韋后,,710,,唐,,
皇帝,景帝,,前141,,前漢,,
皇帝,明帝,28,75,,後漢,,
皇帝,梁武帝,,549,武帝,梁,,
皇帝,中宗,656,710,,唐,,
皇帝,高宗,1107,1187,,南宋,,
皇帝@武将,劉裕,356,422,,南朝宋@東晋,,
国王,帥升,,,,倭,,
宰相,楊炎,727,781,,唐,,
詩人,謝霊運,385,433,,宋,,
儒学者,程顥,1032,1085,,北宋,二程@二程子,
儒学者,程頤,1033,1107,,北宋,二程@二程子,
将軍,李広利,,前90,,前漢,,
書家,欧陽詢,557,641,,隋@唐,,
書家,虞世南,558,638,,隋@唐,,
清談家@総称,竹林の七賢,,,,阮籍@嵆康@山濤@王戎@劉伶@阮咸@向秀,,
清談家,阮籍,210,263,,魏,,
清談家,嵆康,223,262,,魏,,
摂生,聖徳太子,574,622,,日本,,
僧,道安,314,385,,長安,,
僧,慧遠,334,416@417,,東晋,浄土宗,
僧,達磨,378,528,,インド,,
僧,慧遠,334,416,,東晋,,
地理学者,酈道元,,527,,北魏,,
農学者,賈思勰,,,,北魏,,
武将,衛青,,前106,,前漢,,
武将,霍去病,前140頃,前117,,前漢,,
武将,高仙芝,,755,,唐@高句麗,,
文章家@総称,唐宋八大家,,,,唐@宋,韓愈@柳宗元@欧陽脩@蘇洵@蘇軾@蘇轍@曾鞏@王安石,
文人@画家,李公麟,,1106,,北宋,,
文人@画家@書家,米芾,1051,1107,,北宋,,
文人@学者,蘇洵,1009,1066,,北宋,,
文人@政治家,蘇轍,1039,1112,,北宋,,
文人@政治家,曾鞏,1019,1083,,北宋,,
金細工師@彫刻家@建築家,ブルネレスキ,1377,1446,フィリッポ・ブルネレスキ,イタリア@フィレンツェ,,
皇帝,太宗,902,947,耶律堯骨,遼,,,,
皇帝,聖宗,971,1031,,遼,,,,
道士@開祖,王重陽,1113,1170,,全真教,金,,,
武将,平清盛,1118,1181,,平氏政権,,,,
