class,instance,starting_time,ending_time,alias,belongs_to,land_of_origin,founder,participant
社会制度@制度,10部族制,,,,,ギリシア,クレイステネス,
法令@憲法,1793年憲法,1793/6/24,,93年憲法@ジャコバン憲法,フランス,,ジロンド派,
法令@法,AAA,1933,,農業調整法,アメリカ合衆国,,フランクリン・ルーズベルト,
条約@協定,ANZUS,1951/09/01,1986,太平洋安全保障条約,,,,アメリカ合衆国@オーストラリア@ニュージーランド
条約@協定,GATT,1947/10/01,,関税および貿易に関する一般協定,,,,
条約@協定,NAFTA,1992/12/17,,北米自由貿易協定,,,,アメリカ合衆国@カナダ@メキシコ
法令@法,NIRA,1933,1935,全国産業復興法,アメリカ合衆国,,フランクリン・ルーズベルト,
条約@協定,NPT,1968/07/01,,核拡散防止条約@核不拡散条約,,,,
法令@法@法律,PKO協力法,1992,,国際連合平和維持活動等に対する協力に関する法律,日本,,,
条約@協定,PTBT,1963/08/01,,部分的核実験停止条約@部分的核実験禁止条約,,,,アメリカ合衆国@イギリス@ソヴィエト社会主義共和国連邦
条約@協定,アイグン条約,1858/5/28,,,,,,ロシア@清
法令@法,アイルランド自治法,1914,,アイルランド統治法,イギリス,,,
社会制度@制,アシエンダ制,17世紀,,,,,,
条約@協定,アミアン条約,1802/3/25,,アミアンの和約@アミアン講和条約,,,,イギリス@フランス
条約@協定,イギリス・エジプト条約,,,,,,,
社会制度@制,イクター制,,,イクター制,,,,
法令@法,イスラーム法,,,シャリーア,,,,
法令@法典,イタリア民法典,,,,,,,
法令@法,イラク復興支援特別措置法,2003,2009,イラク特措法,日本,,,
条約@協定,イリ条約,1881,,サンクトペテルブルク条約,,,,ロシア@清
法令@法,インド統治法,1773,,,インド帝国,,,
法令@憲法,ヴァイマル憲法,1919,1949,ワイマール憲法,ヴァイマル共和国,,,
条約@協定,ウェストファリア条約,1648,,ヴェストファーレン条約,,,,
法令@憲章,ウェストミンスター憲章,1931,,,イギリス,,,
条約@協定,ヴェルサイユ条約,1919/06/28,,ベルサイユ条約,,,,ヴァイマル共和国@連合国
条約@協定,ヴェルダン条約,843,,,フランク王国,,,
条約@協定@協約,ヴォルムス協約,1122,,,神聖ローマ帝国,,,
社会制度@制,エンコミエンダ制,1503頃,16世紀後半,,スペイン,,,
法令@法典,オーストリア民法典,,,,,,,
社会制度,オストラシズム,前487,前5世紀末,陶片追放,アテネ,,,
社会制度@制度,カースト制度,前10世紀-前7世紀,,ジャーティ制度@ヴァルナ@カースト,,インド,,
法令@法,カーゾン法,1905,1911,ベンガル分割令,,インド,カーゾン,
条約@協定@和約,カトー・カンブレジ和約,1559,,カトー・カンブレジ条約,,,,フランス@スペイン@イギリス
法令@法,カトリック教徒解放法,1829,,,イギリス,,オコンネル,
政策@体制@制,カリフ制,,,,,,,
条約@協定,カルロヴィッツ条約,1699,,,,,,オーストリア@ポーランド@ヴェネツィア@オスマン帝国
条約@協定,キャフタ条約,1727,,,,,,清@ロシア帝国
法令@令,ギュルハネ勅令,1839,,,オスマン帝国,,,
法令@法,均輸法,前115,,,前漢,,武帝,
法令@法,均輸法,1069,,,北宋,,王安石,
社会制度@制,グーツヘルシャフト,16世紀,,農場領主制,,エルベ川以東,,
条約@協定,ケロッグ・ブリアン協定,1928/08/27,,不戦条約@ケロッグ・ブリアン条約,,,ケロッグ@ブリアン,アメリカ合衆国、イギリス、ドイツ、フランス、イタリア、日本
条約@協定,コンコルダート,1801/7/,,宗教協約,,,,
条約@協定,サイクス・ピコ協定,1916/05/16,,,,,マーク・サイクス@フランソワ・ジョルジュ・ピコ,イギリス@フランス@ロシア帝国
社会制度@制,ザミンダーリー制,1793,,,,インド,,
条約@協定,サン・ジェルマン条約,1919/09/10,,,,,,オーストリア@連合国
条約@協定,サン・ステファノ条約,1878/3/3,,,,,,ロシア帝国@オスマン帝国
条約@協定,サンフランシスコ講和条約,1951/09/08,,サンフランシスコ平和条約@日本国との平和条約,,,,日本@連合国
法令@法,シャーマン法,1890,,反トラスト法,アメリカ合衆国,,ジョン・シャーマン,
社会制度@制,ジャムチ,13世紀前半,,駅伝制,元,,チンギス・ハン,
法令@憲法,スターリン憲法,1936/12/05,1977,ソビエト社会主義共和国連邦憲法@1936年憲法,ソヴィエト社会主義共和国連邦,,スターリン,
法令@法典,スペイン民法典,,,,,,,
社会制度@制,スポイルズ・システム,19世紀,,猟官制,アメリカ合衆国@イギリス,,,
社会制度@制,スルタン・カリフ制,18世紀後半,,,オスマン帝国,,,
条約@協定,セーヴル条約,1920/08/10,,,,,,オスマン帝国@連合国
社会制度@制,ティマール制,,16世紀末頃,ティマール,オスマン帝国,,,
社会制度@制,テマ制,7世紀前半,,,東ローマ帝国,,,
法令@憲法,ドイツ憲法,,,,,,,
法令@法典,ドイツ民法典,,,,ドイツ,,,
条約@協定,トリアノン条約,1920/06/04,,,,,,ハンガリー王国@連合国
条約@協定,トルコマンチャーイ条約,1828,,,,,,ロシア帝国，カージャール朝
条約@協定,トルデシリャス条約,1494/6/7,,,,,,スペイン@ポルトガル
法令@法典,ナポレオン法典,1804/3/21,,フランス民法典,フランス,,ナポレオン,
法令@令,ナントの勅令,1598/4/13,,ナントの王令,ブルボン朝,,アンリ4世,
条約@協定,ヌイイ条約,1919/11/27,,,,,,ブルガリア王国@連合国
条約@協定,ネルチンスク条約,1689,,,,,,清@ロシア・ツァーリ国
条約@協定,パリ条約,1856,,,,,,イギリス@フランス@オーストリア@プロイセン王国@サルディニア王国@オスマン帝国@ロシア帝国
条約@協定,パリ協定,1954/10/23,,,,,,西ドイツ@イタリア@西欧同盟加盟国
条約@協定,パリ講和条約,1947/02/10,,パリ条約（1947年）,,,,イタリア@ルーマニア@フィンランド@ブルガリア@ハンガリー
条約@協定,パリ条約,1763,,,,,,イギリス@フランス@スペイン
条約@協定,パリ条約,1783,,,,,,アメリカ合衆国@イギリス
条約@協定,パリ和平協定,1973/01/27,,ベトナム和平協定,,,,ヴェトナム民主共和国@ヴェトナム共和国@南ヴェトナム共和国臨時革命政府@アメリカ合衆国
条約@協定,パレスティナ暫定自治協定,1993/09/01,,オスロ合意,,,,イスラエル@PLO
法令@法典,ハンムラビ法典,,,,バビロン第1王朝,,ハンムラビ王,
政策@体制,富国強兵,,,,,,,
条約@協定,フサイン・マクマホン協定,1915/10/01,,フセイン・マクマホン協定,,,フサイン@マクマホン,
条約@協定,プラザ合意,1985/09/22,,,,,,西ドイツ@フランス@アメリカ合衆国@イギリス@日本
条約@協定,ブリュッセル条約,1948/03/17,,西ヨーロッパ連合条約,,,,イギリス@フランス@ベルギー@ルクセンブルク@オランダ王国
条約@協定,ブレスト・リトフスク条約,1918/03/03,,,,,,ドイツ@ロシア
社会制度@制,プロノイア制,11世紀,,プロノイア,東ローマ帝国,,,
条約@協定,ポーツマス条約,1905/09/04,,,,,,日本@ロシア帝国
法令@法,ホームステッド法,1862,1976,自営農地法,アメリカ合衆国,,,
法令@法,ホルテンシウス法,前287,,,古代ローマ,,ホルテンシウス,
条約@協定,マーストリヒト条約,1992/02/07,,,,,,欧州諸共同体加盟国
法令,マグナ・カルタ,1215/6/15,,大憲章,プランタジネット朝,,,
法令@法典,マヌ法典,前200-200,,,,インド,,
法令@協定,ミズーリ協定,1820,,ミズーリ妥協,アメリカ合衆国,,,
法令@憲法,ミドハト憲法,1876,1878,オスマン帝国憲法,オスマン帝国,,ミドハト・パシャ,
法令@令,ミラノ勅令,313,,,ローマ帝国,,コンスタンティヌス1世,
条約@協定,メルセン条約,870,,,,,,東フランク王国@西フランク王国
条約@協定,ヤルタ協定,1945/02/01,,極東密約,,,,アメリカ合衆国@ソヴィエト社会主義共和国連邦@イギリス
条約@協定,ユトレヒト条約,1713,,,,,,イギリス@フランス@スペイン
社会制度@制,ライヤットワーリー制,19世紀初頭,,,,インド南部@シンド地方,,
条約@協定,ラシュタット条約,1714/3/6,,,,,,フランス@神聖ローマ帝国
条約@協定,ラテラン条約,1929/02/11,,ラテラノ条約,,,,ローマ教皇庁@イタリア王国
条約@協定,ラパロ条約,1922/04/16,,ラッパロ条約,,,,ソヴィエト社会主義共和国連邦@ヴァイマル共和国
条約@協定,リオデジャネイロ条約,,,,,,,
法令@法,リキニウス・セクスティウス法,前367,,,古代ローマ,,リキニウス@セクスティウス,
条約@協定,ローザンヌ条約,1923/07/24,,,,,,トルコ共和国@連合国
条約@協定,ローマ条約,1957/03/25,,,,,,フランス@西ドイツ@イタリア@ベルギー@オランダ@ルクセンブルク
法令@法,ローマ法,,,,,,,
法令@法典,ローマ法大全,534,,ユスティニアヌス法典,東ローマ帝国,,ユスティニアヌス1世,
法令@法,ローラット法,1919,,,インド帝国,,,
条約@協定,ロカルノ条約,1925/12/01,,,,,,イギリス@フランス@ドイツ@ヴァイマル共和国@ベルギー@ポーランド@チェコスロヴァキア
条約@協定,ロンドン密約,1915/04/01,,ロンドン秘密条約、ロンドン条約、ロンドン秘密協定,,,,イタリア王国@イギリス@フランス@ロシア帝国
法令@法,ワグナー法,1935/07/05,,全国労働関係法,,,ワグナー,
条約@協定,ワシントン海軍軍縮条約,1922,,ワシントン海軍軍備制限条約,,,ウオレン・ハーディング,イギリス@アメリカ合衆国@日本@フランス@イタリア
条約@協定,ワルシャワ条約,1955/05/01,1991,ワルシャワ条約機構@東欧8カ国友好相互援助条約,,,,ソヴィエト社会主義共和国連邦@ポーランド@東ドイツ@チェコスロヴァキア@ハンガリー@ルーマニア@ブルガリア@アルバニア
法令@法,移民法,1924/07/01,,排日移民法,アメリカ合衆国,,,
社会制度@制度,一国二制度,,,,中華人民共和国,,,
法令@法,一条鞭法,16世紀後半,,,清,,,
社会制度,一世一元,1368,,一世一元の制,明@清,,,
法令@法,印紙法,1765,1766,,アメリカ合衆国,,,
社会制度@制,蔭位・任子の制,,,蔭位の制,,中国@ヨーロッパ,,
条約@協定,英ソ相互援助条約,,,,,,,
条約@協定,英独海軍協定,1935,,,,,,イギリス@ナチス・ドイツ
条約@協定,英仏協商,1904/04/08,,,,,,イギリス@フランス
条約@協定,英仏通商条約,1786,,イーデン条約,,,,イギリス@フランス
条約@協定,英蘭協定,,,,,,,
条約@協定,英露協商,1907,,,,,,イギリス@ロシア帝国
社会制度@制,衛所制,,,衛所,明,,洪武帝,
条約@協定,黄埔条約,1844,,,,,,清@フランス
社会制度@制,恩貸地制,500頃-1000頃,,恩貸地制度,,西ヨーロッパ,,
条約@協定,下関条約,1895/4/17,,日清講和条約,,,,日本@清
社会制度,科挙,598,1905,,隋@唐@宋@元@明@清@朝鮮王朝,,,
政策@体制,海禁,14世紀後半,,,明,,,
条約@協定,樺太・千島交換条約,1875/5/7,,サンクトペテルブルク条約,,,,日本@ロシア帝国
条約@協定,韓国併合条約,1910/08/22,1965,日韓併合条約@韓国併合に関する条約,,,,日本@大韓帝国
条約@協定,韓国保護条約,1905/11/17,1965,第2次日韓協約,,,,日本@大韓帝国
条約@協定,気候変動枠組み条約,1992/05/09,,地球温暖化防止条約,,,,
政策@体制@制@政治,貴族制,前8世紀半ば,,貴族政治,,,,
法令@法,議会法,1911,,議院法,イギリス,,,
条約@協定,京都議定書,1997/12/11,,,,,,
政策@体制,強制栽培制度,1830,,,オランダ王国,,,
法令@法,教育法,1870,,,イギリス,,,
社会制度,郷挙里選,前漢,,,漢,,,
社会制度@制,均田制,592@624@485,780,,隋@唐@北魏,,楊堅@孝文帝,
法令@法,禁酒法,1919,1933,,アメリカ合衆国,,,
条約@協定,九か国条約,1922,,9カ国条約,,,,アメリカ合衆国@イギリス@オランダ@イタリア@フランス@ベルギー@ポルトガル@日本@中華民国
法令@法,九品官人法,220,583,九品中正@九品中正法,魏@晋@南北朝,,,
社会制度@制,郡県制,前4世紀,,,晋@秦@楚,,始皇帝,
社会制度@制,郡国制,,,,前漢,,高祖,
法令,憲法大綱,1908,,,清,,,
法令@章典,権利章典,1689/12/16,,権利の章典,ステュアート朝,,,
政策@体制@政,元首政,,,プリンキパトゥス,ローマ帝国,,,
社会制度,戸調式,,,,西晋,,,
条約@協定,虎門寨追加条約,1843/10/18,,虎門条約,,,,イギリス@清
条約@協定,五港通商章程,1843/7,,五口通商章程,,,,イギリス@清
法令@法,公民権法,1964/07/01,,アメリカ公民権法（人権法）,アメリカ合衆国,,,
法令@法,工場法,1802,,,イギリス,,,
条約@協定,江華条約,1876,,日朝修好条規@江華島条約,,,,日本@李氏朝鮮
法令@法,航海法,1651,1849,航海条例,,イングランド,,
法令@憲法,合衆国憲法,1787,,アメリカ合衆国憲法,アメリカ合衆国,,,
法令@法,国王至上法,1534,,首長法,テューダー朝,,ヘンリ8世,
条約@協定@規約,国際人権規約,1966/12/16,,,,,,
条約@協定@憲章,国際連合憲章,1945/06/26,,,,,,
法令@法,穀物法,1815,1846,,イギリス,,,
社会制度@制,骨品制,,,,新羅,,,
条約@協定,再保障条約,1887/6/18,1890,独露再保障条約,,,,ロシア@ドイツ
法令@令,最高価格令,1793/5,1794/12,,フランス,,,
社会制度@制,三長制,5世紀末,,,北魏,,孝文帝,
社会制度@制,司教制,,,主教制,,,,
条約@協定,四か国条約,1921,,4か国条約,,,,アメリカ合衆国@イギリス@フランス@日本
政策@体制@制,四分統治制,293,,四分統治@四帝分治制@テトラルキア,古代ローマ,,ディオクレティアヌス,
法令@法,市民法,,,,古代ローマ,,,
法令@法,治安維持法,1925,1945,,日本,,,
社会制度@制度,自治制度,,,,,,,
法令@法,社会主義者鎮圧法,1878,1890,,ドイツ帝国,,ビスマルク,
法令@令,宗教寛容令,1781,,,神聖ローマ帝国,,ヨーゼフ2世,
法令@法,宗法,,,,周,,,
社会制度@制,州県制,583,1276,,隋@唐,,,
社会制度@制度,州制度,,,,,,,
法令@令,十月勅令,1905/10/01,,十月宣言@十月詔書,ロシア帝国,,ニコライ2世,
法令@法,十二表法,前450頃,,,古代ローマ,,,
社会制度@制,従士制,,,従士制度,,ヨーロッパ,,
社会制度@制度,宿駅制度,,,,,,,
条約@協定,女性差別撤廃条約,1979/12/18,,女子に対するあらゆる形態の差別の撤廃に関する条約,,,,
社会制度@制,小作制,,,,,,,
法令@法,審査法,1673,1828,,,,イングランド,
法令@法,新インド統治法,1935,,改正インド統治法,インド帝国,,,
法令@法,新法,1069,,,宋,,王安石,
法令@法,人身保護法,1679,,,ステュアート朝,,,
条約@協定,世界の文化遺産及び自然遺産の保護に関する条約,1972/11/16,,世界遺産条約,,,,
条約@協定,世界遺産条約,,,世界の文化遺産及び自然遺産の保護に関する条約,,,,
法令@法,政教分離法,1905,,,フランス,,,
社会制度@制,聖職位階制,,,,,,,
法令@令,聖像崇拝禁止令,726,,聖像禁止令,東ローマ帝国,,レオン3世,
条約@協定,石井・ランシング協定,1917/11/02,1922/02/01,,,,,アメリカ合衆国@日本
法令@法,石油国有化法,1951/03/01,1953,イラン石油国有化,イラン,,モサデグ,
政策@体制@制,責任内閣制,,,,,,,
政策@体制@政治,摂関政治,10世紀,11世紀,,,,,
社会制度@制,千戸制,,,,モンゴル帝国,,,
法令@法,占田・課田法,280,,,西晋,,武帝,
社会制度@制,選挙王制,1572,,選挙君主制,,ポーランド,,
法令@令,遷界令,1661,1684,,清,,,
法令@法,全権委任法,1933/03/01,,授権法,ナチス・ドイツ,,,
社会制度@制,租庸調制,,,租庸調,隋@唐,,,
法令@令,総動員令,1914/07/30,,,ロシア帝国,,,
社会制度@制,荘園制,,,荘園,,中国@ヨーロッパ,,
法令@令,大統領緊急令,,,,ヴァイマル共和国,,,
法令@憲法,大日本帝国憲法,1889/2/11,1947/05/02,明治憲法,日本,,,
法令@令,大明律令,1368,,明律（大明律）@明令（大明令）,明,,,
法令@令,大陸封鎖令,1806/11/21,,ベルリン勅令,フランス,,,
条約@協定@交渉,第1次SALT,1972/05/01,,第1次戦略兵器制限交渉,,,,アメリカ合衆国@ソヴィエト社会主義共和国連邦
条約@協定,第1次START,1991/07/31,,第1次戦略兵器削減条約,,,,アメリカ合衆国@ロシア
条約@協定@交渉,第2次SALT,1979/06/18,1985,第2次戦略兵器制限交渉,,,,アメリカ合衆国@ソヴィエト社会主義共和国連邦
条約@協定,第2次START,1993/01/01,,第2次戦略兵器削減条約,,,,アメリカ合衆国@ロシア
条約@協定@協約,第3次日韓協約,1907/07/24,,,,,,日本@大韓帝国
政策@体制@政,第一共和政,1792/9/21,1804/5/18,フランス第一共和政,フランス,,,
法令@法,第五共和政憲法,1958/10/01,,第五共和国憲法、フランス第五共和政,フランス,,,
法令@法,団結禁止法,1799,1824,,ハノーヴァー朝,,,
法令@法,男女雇用機会均等法,1972,,雇用の分野における男女の均等な機会及び待遇の確保等に関する法律,日本,,,
社会制度@制,男性普通選挙制,,,,,,,
社会制度@制,地丁銀,1711,,地丁銀制,清,,康熙帝,
法令@法,茶法,1733,,,ハノーヴァー朝,,,
条約@協定,中ソ友好同盟相互援助条約,1950/02/01,1980,,,,,中華人民共和国@ソヴィエト社会主義共和国連邦
条約@協定,中距離核戦力全廃条約,1987,,,,,,アメリカ合衆国@ソヴィエト社会主義共和国連邦
社会制度@制,長老制,,,長老制度,スイス,,,
政策@体制@政,直接民主政,,,,,ギリシア,,
社会制度@制,佃戸制,,,佃戸,宋,,,
社会制度@制度,天朝田畝制度,1853,,,太平天国,,,
条約@協定,天津条約,1858,,,,,,イギリス@フランス@アメリカ合衆国@ロシア帝国@清
条約@協定,天津条約,1885/4/18,,,,,,清@日本
条約@協定,天津条約,1885/6/9,,,,,,清@フランス
社会制度,殿試,960頃,,,宋,,趙匡胤,
法令@法,統一法,1559,,,テューダー朝,,,
条約@協定@制度,特恵関税制度,,,一般特恵関税制度,,,,
条約@協定,独ソ不可侵条約,1939/08/23,1941,,,,,ナチス・ドイツ@ソヴィエト社会主義共和国連邦
社会制度@制,屯田制,,,屯田,魏,,,
社会制度@制,屯田兵制,,,,東ローマ帝国,,,
条約@協定,南京条約,1842/8,,江寧条約,,,,イギリス@清
社会制度@制,二院制,,,二院制議会、両院制,,,,
政策@体制,二重統治体制,,,,遼,,,
政策@体制@制,二大政党制,,,,,,,
条約@協定,日ソ中立条約,1941/04/01,,日ソ不可侵条約,,,,日本@ソヴィエト社会主義共和国連邦
条約@協定,日韓基本条約,1965/06/22,,日本国と大韓民国との間の基本関係に関する条約,,,,日本@大韓民国
条約@協定@条規,日清修好条規,1871/9/13,,,,,,日本@清
条約@協定,日中平和友好条約,1978/08/12,,日本国と中華人民共和国との間の平和友好条約,,,,日本@中華人民共和国
条約@協定,日独伊三国防共協定,1937/11/01,,日独伊防共協定,,,,日本@ドイツ@イタリア
条約@協定,日独防共協定,1936/11/25,,,,,,日本，ドイツ
条約@協定,日米安全保障条約,1951/09/08,1960,日本国とアメリカ合衆国との間の安全保障条約,,,,日本@アメリカ合衆国
条約@協定,日米修好通商条約,1858,？,,,,,日本@アメリカ合衆国
条約@協定,日米相互協力および安全保障条約,1960/01/19,,日本国とアメリカ合衆国との間の相互協力及び安全保障条約,,,,日本@アメリカ合衆国
条約@協定,日米和親条約,1854/3/31,,神奈川条約,,,,日本@アメリカ合衆国
法令@憲法,日本国憲法,1946/11/03,,,日本,,,
社会制度@協約,日露協約,1907/06/01,,,,,,日本@ロシア帝国
法令@令,農奴解放令,1861,,,ロシア帝国,,アレクサンドル2世,
社会制度@制,農奴制,,,,,,,
社会制度@制,府兵制,,,,西魏@北周@隋@唐,,,
法令@法,普通選挙法,1925,,（男性）普通選挙法,日本,,,
法令@法,武器貸与法,1941/03/01,,レンドリース法,アメリカ合衆国,,,
社会制度@制,部族制,,,,,,,
社会制度@制度,封建制度,,,封建制,,中国@ヨーロッパ,,
社会制度@制,封土制,,,封土@《ヨーロッパ》知行,,,,
政策@体制@政,復古王政,1814,1830,フランス復古王政,フランス,,,
法令@法,平準法,前110,,,前漢,,武帝,
条約@協定,米華相互防衛条約,1954/12/02,1980,,,,,アメリカ合衆国@中華民国
条約@協定,米韓相互防衛条約,1953/10/01,,,,,,アメリカ合衆国@大韓民国
条約@協定,米州共同防衛条約,1947/09/02,,リオ協定,,,,アメリカ合衆国@ブラジル@アルゼンチン@キューバ
条約@協定,米比相互防衛条約,1951/08/01,,,,,,アメリカ合衆国@フィリピン
社会制度@制,変動為替相場制,1973,,変動相場制@フロート制,,,,
法令@法,保護関税法,1879/12,,,ドイツ帝国,,,
社会制度@制,募兵制,722,,,唐,,玄宗,
条約@協定,望厦条約,1844/7/3,,,,,,清@アメリカ合衆国
条約@協定,北京議定書,1901/09/07,,辛丑和約,,,,清@ドイツ帝国@オーストリア・ハンガリー帝国@日本@フランス@イギリス@ロシア帝国@アメリカ合衆国@イタリア王国@ベルギー@オランダ@スペイン
条約@協定,北京条約,1860/10/24,,,,,,清@イギリス
法令@法,万民法,212,,,ローマ帝国,,,
社会制度@制,満漢併用制,,,,清,,,
社会制度@制,猛安・謀克制,,,猛安・謀克,金,,阿骨打,
社会制度@制,問屋制,,,問屋制度,,イギリス,,
条約@協定,友好協力相互援助条約,,,,,,,
法令@法,有給休暇法,,,,,,,
社会制度@制,里甲制,1381,,,明,,洪武帝,
法令,律,,,,,,,
法令@令,律令,,,,唐,,,
社会制度@制度,律令制度,,,律令制@律令国家体制,唐,,,
法令@法,両税法,780,,,唐@明,,,
社会制度@制,領主制,,,,,,,
社会制度@制,領邦教会制,,,,,ドイツ,,
社会制度,令,,,,,,,
法令@規約,連合規約,1777/11/15,1790,連合および永遠の連合規約,アメリカ合衆国,,,
社会制度@制,連邦制,,,,,,,
条約@協定,露清北京条約,1860/11/14,,北京条約,,,,ロシア@清
社会制度@制,労働義務制,,,,,,,
法令@法,労働組合法,1871,,,イギリス,,グラッドストン,
法令,六諭,1397,,,明,,洪武帝,
法令@令,奢侈禁止令,,,,,,,
条約@協定,澶淵の盟,1004,,,,,,遼@宋
政策,3B政策,19世紀末,,,ドイツ帝国,ヴィルヘルム2世,,
政策,3C政策,19世紀後半,20世紀前半,,イギリス,,,
政策,アジア的生産様式,古代,,,,,,
計画,アジェンダ21計画,,,,,,,
政策,アパルトヘイト,1948,1994,人種隔離政策,南アフリカ共和国,,,
政策@体制,アンシャン・レジーム,16世紀,18世紀,,フランス王国,,,
政策,イタリア政策,10世紀,13世紀,,神聖ローマ帝国,,,
体制,ウィーン体制,1815,1848,,,,オーストリア帝国@ロシア帝国@プロイセン王国,
体制,ヴェルサイユ体制,1919,,ベルサイユ体制,,,ドイツ@イギリス@フランス@イタリア王国@日本,
政策@体制,グラスノスチ,1986,,情報公開,ソヴィエト社会主義共和国連邦,ゴルバチョフ,,
体制,社会主義体制,,,,,,,
体制,ジャクソニアン・デモクラシー,1824,1854,ジャクソン流民主主義,アメリカ合衆国,ジャクソン,,
政策@体制,スターリング・ブロック,,,ポンド・ブロック@スターリング・ポンド・ブロック,イギリス,,,
政策@体制,スターリン批判,1956,,,ソヴィエト社会主義共和国連邦,フルシチョフ,,
体制,ツァーリ体制,1547,1917,ツァーリズム,ロシア帝国,イヴァン4世,,
政策@体制,ドイツ統一,1990,,ドイツ再統一,ドイツ,,,
政策@体制,ドイモイ,1986,,,ヴェトナム社会主義共和国,,,
政策@体制,ドミナトゥス,,,ドミナートゥス@専制君主政,ローマ帝国,ディオクレティアヌス,,
政策@体制,トルーマン・ドクトリン,1947,,,アメリカ合衆国,トルーマン,,
政策,ニューディール政策,1933,,,アメリカ合衆国,フランクリン・ルーズヴェルト,,
政策@体制,ネップ,1921,,,ソヴィエト社会主義共和国連邦,,,
体制,ビスマルク体制,19世紀後半,,,ドイツ帝国,ビスマルク,オーストリア@ロシア@イタリア,
政策@体制,ファシズム,1922,1942,,イタリア,ムッソリーニ,,
政策@体制,フーヴァー・モラトリアム,1931,1931,,アメリカ合衆国,フーヴァー,,
政策@体制,プールナ・スワラージ,1929,,,インド,,,
政策@体制,フラン・ブロック,,,,,,,
体制,ブレトン・ウッズ体制,1945,1973,,アメリカ合衆国,,,
経済政策@政策,ブロック経済,1930年代,,,イギリス@フランス,,,
政策@体制,ペレストロイカ,1985,,,ソヴィエト社会主義共和国連邦,ゴルバチョフ,,
政策@体制,ポンド切り下げ,1967/11/01,,,イギリス,ウィルソン,,
計画,マーシャル・プラン,1948,1951,ヨーロッパ経済復興援助計画,アメリカ合衆国,マーシャル,,
体制@主義,モンゴル人第一主義,,,,元,,,
体制,ワシントン体制,1922,,,,,アメリカ合衆国@イギリス@オランダ@イタリア@フランス@ベルギー@ポルトガル@日本@中華民国,
体制,一党独裁体制,,,一党独裁制,,,,
政策,海禁,1371,,海禁政策,明,朱元璋,,
政策@体制,海上封鎖,,,,,,,
政策,開発政策,,,,,,,
政策@体制,開発独裁,1960頃,,,,,,
経済政策@経済,開放経済,,,,,,,
制度@体制@主義,官僚主義,,,官僚制,,,,
制度@体制@主義,議会制民主主義,,,間接民主制@代表民主制@代議制,,,,
政策@体制@政治,議会政治,,,,,,,
体制,挙国一致体制,1916,,,イギリス@フランス@ドイツ,ロイド・ジョージ@クレマンソー@ヒンデンブルク,,
体制@制@政,共和政,,,共和制,,,,
政策@体制,禁書,,,,清,,,
体制,軍事体制,,,軍事政権@軍事国家@軍事独裁@軍政@軍部独裁,,,,
体制@主義,啓蒙専制主義,,,,,,,
政策@体制,経済制裁,,,,,,,
体制,経済体制,,,経済体系@経済システム,,,,
政策@体制@政,元首政,前27,,プリンキパトゥス,古代ローマ,オクタヴィアヌス,,
政策@体制,減税,,,,,,,
政策@体制@制,言論統制,,,,,,,
体制@主義,孤立主義,,,,アメリカ合衆国,,,
計画,五か年計画,,,五カ年計画,,,,
体制@主義,皇帝教皇主義,,,カエサロパピスム,ビザンツ帝国,,,
政策,皇民化政策,,,皇民化教育@皇民化運動,日本,,,
体制,国家体制,,,政治体制,,,,
政策@体制,国際分業,,,,,,,
体制@主義,国粋主義,1888,,,日本,,,
政策@体制,鎖国,1641,1854,鎖国政策@鎖国体制,日本,徳川家光,,
政策@体制,再軍備,,,,,,,
政策@体制@政治,財産政治,,,,,,,
政策@体制,財閥解体,1946,1952,,日本,,,
体制,冊封体制,,1895,,後漢@魏@唐@清,,,
体制@主義,三民主義,1906,,,中華民国,孫文,,
計画,四か年計画,,,,,,,
政策@体制,思想統制,,,,,,,
体制@主義@制,資本主義,18世紀,,資本制,,,,
体制@主義,自由貿易主義,,,,,アダム・スミス@リカード,,
政策,七月王政,1830/7/29,1848/2/24,,フランス,ルイ・フィリップ,,
政策@体制@革命,社会主義革命,,,共産主義革命,,,,
経済政策@経済,社会主義市場経済,1992,,,中華人民共和国,鄧小平,,
体制,主権国家体制,16世紀頃,,,,,,
政策,修正資本主義政策,,,,,,,
政策,重商主義政策,16世紀半ば,18世紀,,イギリス,,,
計画,所得倍増計画,1960,,国民所得倍増計画,日本,下村治,,
体制@主義,小ドイツ主義,1848,,,ドイツ,,,
政策@体制,植民地支配,16世紀,,,,,,
政策,新経済政策,1921,1928,ネップ,ソヴィエト社会主義共和国連邦,レーニン,,
政策@体制@政治,神政政治,1540頃,,神権政治,スイス,カルヴァン,,
政策@体制,政教一致,,,,,,,
政策@体制,政教分離,,,政教分離原則,,,,
政策@体制@政治,政党政治,,,,,,,
体制@主義,正統主義,,,,オーストリア,タラーレン,,
政策@体制@政,専制君主政,,,,古代ローマ,ディオクレティアヌス,,
政策@体制@政治,専制政治,,,専制支配@専制,,,,
体制@主義,戦時共産主義,1918,1921,,ソヴィエト社会主義共和国連邦,,,
体制,全体主義体制,,,,,,,
政策@体制,創氏改名,1939,,,日本,,,
政策@体制,尊王攘夷,,,,日本,,,
体制@主義,大ドイツ主義,1848,,,ドイツ連邦,,,
政策@体制,大東亜共栄圏,1940頃,1945,,日本,,,
政策,大躍進政策,1958,1960,,中華人民共和国,毛沢東,,
政策@体制@政治,第1回三頭政治,,,,,,,
計画,第1次五か年計画,,,,,,,
政策@体制@政治,第2回三頭政治,,,,,,,
政策@体制,第2次囲いこみ,,,,,,,
計画,第2次五か年計画,,,,,,,
政策@体制@政,第一帝政,1804,1815,フランス第一帝政,フランス第一帝政,ナポレオン・ボナパルト,,
政策@体制@政,第三共和政,1870/9,1940/06/01,フランス第三共和政,フランス,,,
政策@体制@政,第二共和政,1948/02/01,1952/12/01,フランス第二共和政,フランス,,,
政策@体制@政,第二帝政,1852,1870,フランス第二帝政,フランス第二帝政,ナポレオン3世,,
体制@主義,単独行動主義,,,,アメリカ合衆国,,,
体制,中央集権化,,,中央集権@中央集権体制,,,,
体制,中央集権体制,,,,,,,
体制@主義,中立主義,,,,,,,
体制,朝貢体制,,,朝貢,後漢@隋@唐@宋@明@清,,,
政策,帝国教会政策,,,,,,,
体制@主義,帝国主義,19世紀半ば,,,,,,
政策@体制@制,帝政,,,君主政@君主制,,,,
政策,鉄血政策,1862,,,ドイツ連邦,ビスマルク,,
政策,東方外交,,,,西ドイツ,ブラント,,
政策,同化政策,,,,,,,
体制@主義,徳治主義,,,,,,,
政策@体制@政治,独裁政治,,,独裁@独裁政@独裁政権@独裁体制,,,,
政策,南下政策,18世紀,19世紀,,ロシア帝国,,,
政策,南進政策,,,,,,,
政策@体制,二十一か条要求,1915,,対華21ヶ条要求,中華民国,,,
宣言,日ソ共同宣言,1956,,,,,日本@ソヴィエト社会主義共和国連邦,
政策@体制,農奴解放,13世紀,16世紀,,,,,
宣言,八・一宣言,1935/08/01,,,中華民国,,,
政策@体制,非攻,,,,春秋戦国時代の中国,墨子,,
政策,不干渉政策,1936,,,イギリス@フランス,,,
政策@体制,富国強兵,,,富国強兵政策@富国強兵策,,,,
政策@体制@政治,武断政治,,,,,,,
政策,封じ込め政策,,,封じ込め,アメリカ合衆国,,,
体制@制@政,複数政党制,,,多党制,,,,
政策@体制,分割統治,,,分断統治,古代ローマ,,,
政策@体制@政治,文化政治,,,,日本,,,
体制@主義@政治,文治主義,,,文人政治,日本,,,
政策,平和共存政策,,,,,,,
政策@体制,保護貿易,,,,,,,
政策@体制,戊戌の変法,1898/6,1898/9,,清,光緒帝,,
体制@主義,法治主義,,,法治国家,,,,
政策@体制,砲艦外交,,,,,,,
体制,幕藩体制,1603,1871,幕藩制,日本,徳川家康,,
政策@体制,民主化,,,,,,,
体制,民主主義体制,,,民主主義,,,,
政策@体制,民主政,,,,,,,
政策,宥和政策,,,宥和主義,,,,
政策@体制,立憲君主制,,,立憲王政,,,,
政策@体制@政治,立憲制,17世紀頃,,立憲主義@立憲制度@立憲政治,,,,
政策@体制,両属体制,,,,,,,
体制@主義,連邦主義,,,,,,,
政策@体制@政治,僭主政治,,,,,,,
政策,羈縻政策,,,,唐,,,
政策@体制,協調外交,,,,,,,
政策@体制,善隣外交,,,,アメリカ合衆国,フランクリン・ルーズヴェルト,,
政策@体制,ヴァイマル民主政,,,,,,,
階級,貴族,,,神官,,,,
階級,平民,,,,,,,
階級,奴隷,,,,,,,
経済体制@体制,獲得経済,,,,,,,
経済体制@体制,生産経済,,,,,,,

体制@政策,植民市,,,ギリシア植民市,,,,
体制@政策@税制,貢納王政,,,,,,,
法令@法,復讐法,,,,,,,
役職@職業,サトラップ,,,,,,,
役職@職業,王の耳,,,,,,,
役職@職業,王の目,,,,,,,
称号@役職,ファラオ,,,,,,,
思想@説@主義,95か条の論題,1517,,贖宥状の意義と効果に関する見解,ドイツ,マルティン・ルター
思想@説@主義@論,イギリス経験論,17世紀-18世紀,,経験論,イギリス,フランシス・ベーコン@ロック@ジョージ・バークリー@デイヴィッド・ヒューム
思想@説@主義,イスラーム主義,,,イスラム主義@イスラーム復興主義@イスラム原理主義,,
思想@説@主義@論,イデア論,,,,,プラトン
思想@説@主義@法則,エネルギー保存の法則,,,エネルギー保存則,,デカルト@ライプニッツ
思想@説@主義,キリスト教原理主義,,,,アメリカ合衆国,
思想@説@主義,グローバリズム,,,地球主義,,
思想@説@主義,コスモポリタニズム,古代,,世界市民主義@世界主義@四海同胞主義,古代ギリシア,ディオゲネス
思想@説@主義,サンディカリスム,19世紀末-20世紀前半,,,フランス@イタリア@イギリスアメリカ合衆国,ジョルジュ・ソレル@アゴスティーノ・ランツィッロ@ミケーレ・ビアンキ@ロベルト・ミヒェルス@ダニエル・デ・レオン
思想@説@主義,スーフィズム,,,イスラーム神秘主義,東アジア,ガザーリー@イブン・アラビー
思想@説@主義,ナショナリズム,18世紀末,,,フランス,アーネスト・ゲルナー
思想@説@主義,ナチズム,1933,1945,国家社会主義,ドイツ,
思想@説@主義@論,ドイツ観念論,18世紀末,19世紀半ば,,ドイツ,カント@フィヒテ@フリードリヒ・シェリング@ヘーゲル
思想@説@主義,ニュートン力学,1687,,,イングランド,ニュートン
思想@説@主義,パックス・ブリタニカ,1850年頃,20世紀初頭,パクス・ブリタニカ@イギリスの平和,イギリス,
思想@説@主義,パックス・ロマーナ,18世紀,,パークス・ロマーナ@ローマの平和,地中海世界,エドワード・ギボン
思想@説@主義,パン・アフリカニズム,19世紀末,,パン・アフリカ主義,アメリカ合衆国,ヘンリー・シルベスター・ウィリアムズ@W・E・B・デュボイス@クワメ・エンクルマ@ジョモ・ケニヤッタ@セク・トゥーレ@モディボ・ケイタ
思想@説@主義,パン・アメリカ主義,1776,,汎アメリカ主義,アメリカ合衆国,
思想@説@主義,パン・イスラーム主義,19世紀後半,,,,アフガーニー
思想@説@主義,パン・スラヴ主義,19世紀半ば,1917,汎スラヴ主義,バルカン半島,パヴェル・ヨゼフ・シャファーリク@ヤーン・コラール@リューデヴィト・ガイ
思想@説@主義,パン・トルコ主義, , ,,,
思想@説@主義,ヒューマニズム,14世紀,,人間中心主義,イタリア,ペトラルカ
思想@説@主義,ファシズム,1922,1942,結束主義,イタリア,ムッソリーニ
思想@説@主義,ファンダメンタリズム,1979,,原理主義@根本主義,中東,
思想@説@主義,フェミニズム,18世紀,,,フランス,メアリ・ウルストンクラフト@オランプ・ド・グージュ
思想@説@主義,プラグマティズム,19世紀後半,,実用主義@道具主義@実際主義,アメリカ合衆国,チャールズ・サンダース・パース@ウィリアム・ジェームズ@デューイ@ジョージ・ハーバート・ミード
思想@説@主義@論,ブレジネフ・ドクトリン,1968,,制限主権論@ブレジネフ・ドクトリン,ソ連,
思想@説@主義,フロンティア・スピリット,,,,,
思想@説@主義,ポピュリズム,19世紀,,大衆主義@人民主義,,
思想@説@主義@用語,マニフェスト・デスティニー,1845,,明白な天命@明白なる運命,アメリカ合衆国,ジョン・オサリヴァン
思想@説@主義,マルクス主義,1840年代,,,ドイツ,マルクス@エンゲルス
思想@説@主義,ヨーロッパ中心主義,15世紀-17世紀,,,ヨーロッパ,
思想@説@主義@宣言,ラッセル・アインシュタイン宣言,1955/07/09,,,ロンドン,アルベルト・アインシュタイン
思想@説@主義,レッセフェール,1776,,レッセ－フェール@自由放任主義,フランス,アダム・スミス
思想@説@主義,ロマン主義,18世紀末,19世紀半ば,,ヨーロッパ,
思想@説@主義@法則,遺伝の法則,,,,,
思想@説@主義,三位一体説,,,三位一体,,
思想@説@主義,一国社会主義,1924,,一国社会主義論,ロシア連邦,スターリン
思想@説@主義,陰陽五行説,紀元前770,紀元前221,陰陽五行論,中国,
思想@説@主義@論,宇宙進化論,古代,,,ギリシア,
思想@説@主義,王権神授説,16世紀,17世紀,,ヨーロッパ,ジェームズ1世@フィルマー@ルイ14世@ボシュエ@ボダン
思想@説@主義@論,黄禍論,19世紀半ば,20世紀前半,,ヨーロッパ・北アメリカ・オーストラリア,ヴィルヘルム2世
思想@説@主義,科学主義,,,科学万能主義@科学教@科学原理主義@科学崇拝,,フリードリッヒ・ハイエク@カール・ポパー@グレゴリー・ピーターソン@マイケル・ステンマルク@エルンスト・シューマッハ
思想@説@主義,改良主義,,,社会改良主義@社会改革主義@改良主義,,ベルンシュタイン
思想@説@主義,開発独裁,1960年代半ば,,,アジア@ラテンアメリカ,グレガー
思想@説@主義@観,階級闘争史観,,,,,
思想@説@主義,共産主義,1847,,,,マルクス@エンゲルス
思想@説@主義,共和主義,古代,,,古代ギリシア@共和政ローマ,キケロ
思想@説@主義,禁欲主義,3世紀初め,,,,ゼノン
思想@説@主義,軍国主義,,,,,
思想@説@主義,啓蒙思想,17世紀,,,イギリス,ホッブズ@ロック@フランシス・ハッチソン@デイヴィッド・ヒューム@モンテスキュー@ルソー
思想@説@主義,経済ナショナリズム,,,,,
思想@説@主義,権威主義,古代,,,ローマ,
思想@説@主義,個人主義,18世紀半ば,,,,
思想@説@主義,古典主義,17世紀,,,フランス,
思想@説@主義,孤立主義,,,,アメリカ合衆国,ワシントン
思想@説@主義,功利主義,,,実利主義@公益主義@大福主義,イギリス,ベンサム@ジェームズ・ミル@ジョン・スチュアート・ミル@ヘンリー・シジウィック 
思想@説@主義,構造主義,1960年代,,,,レヴィ・ストロース
思想@説@主義,皇帝崇拝,古代,,君主崇拝,,
思想@説@主義,合理主義,17世紀-18世紀,,,フランス,デカルト@スピノザ@ライプニッツ@ニコラ・ド・マルブランシュ
思想@説@主義,国家主義,,,,,
思想@説@主義,国際協調主義,,,,,
思想@説@主義,国民主義,,,国家主義@国粋主義@民族主義@国民主義,,アーネスト・ゲルナー@エルネスト・ルナン@アンダーソン@アントニー・D・スミス
思想@説@主義@論,史的唯物論,19世紀,,唯物史観,ドイツ,マルクス
思想@説@主義,四月テーゼ,1917/04/01,,,ロシア,レーニン
思想@説@主義,資本主義,19世紀,,資本制,イギリス,
思想@説@主義@論,自然法,古代,,自然法理論@自然法論,古代ギリシア,
思想@説@主義,自由主義,17世紀,,,イギリス,ジョン・ロック
思想@説@主義,自由放任主義,18世紀後半,,レッセフェール,フランス,アダム・スミス
思想@説@主義@論,実在論,古代,,,古代ギリシア,アンセルムス@トマス・アクィナス
思想@説@主義,実証主義,19世紀,,,,コント
思想@説@主義,社会ファシズム論,1920年代後半,,社会民主主義主要打撃論,ドイツ,
思想@説@主義,社会契約説,,,,,
思想@説@主義,社会主義,18世紀後半,,社会主義思想,,ロバート・オーウェン
思想@説@主義@論,社会進化論,19世紀,,,イギリス,ハーバート・スペンサー
思想@説@主義,儒教思想,,,儒学@孔教@孔子教,中国,孔子
思想@説@主義,修正主義,19世紀末,,,ドイツ,シェーンランク
思想@説@主義@政治,衆愚政治,,,暴民政治,,
思想@説@主義@原則,十四か条の平和原則,1918/01/08,,,アメリカ合衆国,ウィルソン
思想@説@主義,重商主義,16世紀半ば,18世紀,,西ヨーロッパ,チャイルド@クロムウェル@コルベール
思想@説@主義,重農主義,18世紀後半,,,フランス,ケネー
思想@説@主義,新思考外交,1986/02/01,1991/02/01,,ロシア連邦,
思想@説@主義,新保守主義,1950年代,,,,
思想@説@主義,神仙思想,,,,中国,
思想@説@主義,神秘主義,,,,,
思想@説@主義@論,進化論,1858,,,イギリス,ダーウィン
思想@説@主義@論,人種理論,17世紀頃,,人種主義,イギリス,アンリ・ド・ブーランヴィリエ
思想@説@主義,人道主義,古代,,人道主義@博愛主義,ローマ,
思想@説@主義,人文主義,14世紀-16世紀,,,,
思想@説@主義,人民主権,17世紀-18世紀,,,,ロック@ルソー
思想@説@主義,世界市民主義,古代,,世界市民主義@世界主義@四海同胞主義,ギリシア,ディオゲネス
思想@説@主義@論,制限主権論,1968,,ブレジネフ・ドクトリン@シナトラ・ドクトリン,ロシア連邦,
思想@説@主義,性悪説,前3世紀頃,,,中国,荀子
思想@説@主義,性善説,前3世紀頃,,,中国,孟子
思想@説@主義@観,政体循環史観,,,,,ポリビオス
思想@説@主義,精霊信仰,19世紀後半,,汎霊説@精霊信仰@地霊信仰,イギリス,E・B・タイラー
思想@説@主義,絶対主義,16世紀,18世紀,,ヨーロッパ,
思想@説@主義,選民思想,,,,,
思想@説@主義,祖先信仰,,,祖霊信仰@祖先崇拝,東アジア,
思想@説@主義,相対主義,,,,,
思想@説@主義@論,相対性理論,1905,,相対論,ドイツ,アインシュタイン
思想@説@主義,大セルビア主義,1872,,大セルビア,,
思想@説@主義@論,大義名分論,,,大義名分,中国,孔子@欧陽脩@司馬光
思想@説@主義@論,大陸合理論,17世紀,18世紀,大陸合理主義,フランス@ドイツ@オランダ,デカルト@スピノザ@ライプニッツ@ニコラ・ド・マルブランシュ
思想@説@主義@論,単性論,4世紀,,単性説,,エウテュケス
思想@説@主義@論,単子論,17世紀,,モナド論,ドイツ,ライプニッツ
思想@説@主義,知行合一,,,,中国,王守仁
思想@説@主義,地域主義,,,,,
思想@説@主義,地球球体説,16世紀初頭,,,ヨーロッパ,マゼラン
思想@説@主義,地動説,1530年頃,,,,コペルニクス
思想@説@主義,中華思想,,,華夷思想,中国,
思想@説@主義,天動説,2世紀,,,古代ローマ,プトレマイオス
思想@説@主義,東亜新秩序,1938/11/01,,,日本,近衛文麿
思想@説@主義,東学,1860年頃,,,朝鮮,崔済愚
思想@説@主義,天道,,,人道,中国,老子@孔子
思想@説@主義,排外主義,19世紀-20世紀,,外国嫌い@ゼノフォビア,,
思想@説@主義,白豪主義,1901,1973,白濠主義,オーストラリア,
思想@説@主義,反ユダヤ主義,中世,,反セム主義@アンティセミティズム,,
思想@説@主義,反革命,,,,,
思想@説@主義,反帝国主義,,,,,
思想@説@主義,反日,,,,,
思想@説@主義,反封建主義,,,,,
思想@説@主義@論,汎神論,1705,,万有神論,,ジョン・トーランド
思想@説@主義,扶清滅洋,,,,,
思想@説@主義,浮体の原理,,,,,
思想@説@主義,平和共存,1956,,,ソ連,フルシチョフ
思想@説@主義@原則,平和五原則,1954,,パンチ・シーラ,,周恩来@ネルー
思想@説@主義@法則,万有引力の法則,1687,,,イングランド,ニュートン
思想@説@主義@政治,民主主義,,,デモクラシー@民主政治,,
思想@説@主義@原則,民族自決の原則,1918,,自決権@民族自決,アメリカ合衆国,ウィルソン
思想@説@主義,民族主義,20世紀,,エスニシズム@エスニック・ナショナリズム,,
思想@説@主義,無為自然,,,,中国,老子
思想@説@主義,滅満興漢,1850年頃,,,,
思想@説@主義@論,唯名論,中世,,,,ウィリアム・オブ・オッカム
思想@説@主義,予定説,16世紀半ば,,,,カルヴァン
思想@説@主義,老荘思想,139,,,中国,老子@荘子
思想@説@主義@論,照葉樹林文化論,,,,日本,
思想@説@主義,兼愛,戦国時代,,兼愛交利,中国,墨子
思想@説@主義,革新主義,19世紀末,,,,
思想@説@主義,博愛主義,,,フィランソロピー,,
思想@説@主義,保守主義,,,保守,,
言葉@用語,エジプトはナイルのたまもの,,,,,,,
言葉@用語,人間はポリス的動物である,,,,アリストテレス,,,
用語,肥沃な三日月地帯,,,,,,,
用語@言葉,目には目を，歯には歯を,,,,,,,
階級,ヘイロータイ,,,へロット,スパルタ,,,
階級,ぺリオイコイ,,,,スパルタ,,,
階級,リュクルゴス,,,,スパルタ,,,
階級,債務奴隷,,,,,,,
階級,無産市民,,,,,,,
階級@役職,アルコン,,,,アテネ,,,
階級@役職,僭主,,,,,,,
思想@説@主義,自然哲学,前6世紀,,,,,,
思想@説@主義,知徳合一,,,,ソクラテス,,,
思想@説@主義,問答法,,,対話法,ソクラテス,,,
思想@説@主義,無知の知,,,,ソクラテス,,,
制度,奴隷制,,,ギリシア奴隷制,ギリシア,,,
体制,デーモス,,,デーモス区,クレイステネス,,,
体制@政治,哲人政治,,,,,,,
役職,重装歩兵,,,ギリシア重装歩兵,ギリシア,,,
役職,陪審員,,,,,,,
役職,デマゴーゴス,,,デマゴーグ,アテネ,,,
役職,ソフィスト,,,詭弁学派,アテネ,,,
言葉@用語,人間が万物の尺度,,,,プロタゴラス,,,
法令@法,市民権法,前451,,,アテネ,,,
社会制度,1週7日制,,,,,,,
階級,諸侯,,,,周,,,,
階級,卿,,,,周@諸侯,,,,
階級,大夫,,,,周@諸侯,,,,
階級,士,,,,周@諸侯,,,,
言葉@用語,白馬は馬に非ず,,,,公孫竜,,,,
言葉@用語,王侯将相いずくんぞ種あらんや,,,,陳勝,,,,
集団@民族@階級,ラージプート,,,,カースト,,,,
制@体制@政策,井田制,,,,周,,,,
体制@政策,覇道,,,,,,,,
体制@政策,変法,,,,商鞅,,,,
体制@政策,合従,戦国時代,,,秦,,,,
体制@政策,連衡,戦国時代,,,秦,,,,
体制@政策@政治,王道政治,,,,,,,,
方式@王朝交替,禅譲,,,,中国,,,,
方式@王朝交替,放伐,,,,中国,,,,
法典@法令,ダルマ・シャーストラ,,,,ヴァルナ,,,,
役職,丞相,,,,秦,,,,
役職,太尉,,,,,,,,
役職,御史大夫,,,,官吏,,,,
理論,易姓革命,,,,,,,,
階級,パトリキ,,,貴族,ローマ,,,,
階級,プレブス,,,平民,ローマ,,,,
階級,新貴族,,,ノビレス,,,,,
階級,剣奴,,,,,,,,
階級,ラージャン,,,,アーリヤ人,,,,
階級,バラモン,,,,ヴァルナ,,,,
階級,クシャトリヤ,,,,ヴァルナ,,,,
階級,ヴァイシャ,,,,ヴァルナ,,,,
階級,シュードラ,,,,ヴァルナ,,,,
階級,不可触民,,,ダリト・ハリジャン,ヴァルナ,,,,
階級@役職,コロヌス,,,,,,,,
階級@役職,解放奴隷,,,,,,,,
言語,コイネー,,,,ヘレニズム@ギリシア,,,,
言葉@用語,パンと見世物,,,,ユウェナリス,,,,
思想@主義@説,新プラトン主義,,,,ギリシア哲学@オリエント,,,,
思想@主義@説,殉教,,,,,,,,
思想@主義@説,神寵帝理念,,,,ビザンツ帝国,,,,
思想@主義@説,仁,,,,孔子,,,,
思想@主義@説,非攻,,,,墨子,,,,
思想@主義@説,公利,,,,墨子,,,,
思想@主義@説,尚賢,,,,墨家,,,,
称号@役職,インペラトル,,,,,,,,
称号@役職,皇帝,,,,,,,,
体制@政策,植民市,,,,ローマ,,,,
体制@政策,自治市,,,,ローマ,,,,
体制@政策,同盟市,,,,ローマ,,,,
体制@政策,属州,,,,,,,,
体制@政策,奴隷制,,,ローマ奴隷制,,,,,
体制@政策,職業軍人制,,,,共和政ローマ,,,,
体制@政策,港市国家,,,,,,,,
体制@政策,邑,,,,中国,,,,
体制@政策,王邑,,,都城,邑,,,,
体制@政策,大邑,,,国城,邑,,,,
体制@政策,小邑,,,,邑,,,,
体制@政策@国家,都市国家,,,,,,,,
体制@政策@国家,邑制国家,,,,,,,,
法令@法,リキニウス・セクスティウス法,前367,,,,,,,
役職,ディアドコイ,,,,,,,,
役職,コンスル,,,執政官@統領,ローマ,,,,
役職,ディクタトル,,,独裁官,ローマ,,,,
役職,護民官,前494,,,,,,,
役職,徴税請負人,,,,属州,,,,
役職,騎士,,,エクイテス,,,,,
役職,プリンケプス,,,,オクタウィアヌス,,,,
役職,軍人皇帝,235,284,,ローマ帝国,,,,
役職,ドミヌス,,,,ドミナトゥス,,,,
役職,教父,,,,キリスト教,,,,
役職,僧,,,,,,,,
役職,吟遊詩人,,,インド吟遊詩人,インド,,,,
役職,天子,前11世紀,,,中国,,,,
役職,覇者,,,,周,,,,
用語@状況,3世紀の危機,,,,ローマ帝国,,,,
階級,外戚,,,,漢,,,
階級,門閥貴族,,,,南北朝時代,中国,,
階級,丁男,,,,唐,,,
階級,士大夫,,,,宋,,,
階級,官戸,,,,隋@唐@宋,,,
階級,形勢戸,,,官戸形勢戸,宋,,,
階級,佃戸,,,,宋,,,
学問@思想@論@説,訓詁学,,,,経書,,,
科目@制度,進士,,,,宋,科挙,,
役職,宦官,,,,漢,,,
役職,西域都護,,107,,前漢,,,
役職,五経博士,,,,武帝,,,
役職,中正官,,,,九品中正,,,
役職,衛士,,,,府兵制,,,
役職,防人,,,,府兵制,,,
役職,節度使,8世紀,,,募兵制,,,
役職,宰相,,,,,,,
役職,貴妃,,,,,,,
役職,遣隋使,600,614,,日本,聖徳太子,,
役職,遣唐使,603,894,,日本,,,
役職,節度使,,,,唐,藩鎮,,
役職,読書人,,,,宋,学者@知識人,,
法令,限田法,,,,哀帝,漢,,
法令,格式,,,,中国,,,
弾圧@政策@体制,法難,,,,中国,,,
政策,塩・鉄・酒の専売,,,,武帝,,,
政策@体制,漢化政策,,,,孝文帝@北魏,,,
政策@法令@法,青苗法,,,,宋,王安石,,
政策@法令@法,市易法,,,,宋,王安石,,
政策@法令@法,募役法,,,,宋,王安石,,
政策@法令@法,保甲法,,,,宋,王安石,,
政策@法令@法,保馬法,,,,宋,王安石,,
政策@法令@法,方田均税法,,,,宋,王安石,,
制度,飛銭,,,,唐,,,
制度@制,北魏均田制,485,,,北魏,孝文帝,,
制度@政策,良賤制,,,,唐,,,
条約@協定,慶暦の和約,1044,,,宋@西夏,,,
思想,黄老思想,,,,前漢,老子@黄帝,,
思想,讖緯思想,,,,中国,,,
思想,華夷の区別,,,,漢族,,,
思想@説@論,宋学,,,,宋,儒学,,
思想@説@論,朱子学,,,宋学,朱熹,,,
試験@制度,州試,,,解試,宋,科挙,,
試験@制度,省試,,,,宋,科挙,,
言葉@用語,上品に寒門なく，下品に勢族なし,,,,九品中正,,,
言葉@用語,貞観の治,627,649,,太宗,,,
言葉@用語,開元の治,713,741,,玄宗,唐,,
言葉@用語,蘇湖熟すれば天下足る,,,江浙熟すれば天下足る,中国,,,
階級,両班,,,文班@武班,高麗@李朝,,,,
階級@役職,武士,,,武家,,,,,
称号,単于,,,,匈奴@鮮卑@氐@羌,,,,
称号,可汗,,,,柔然,,,,
制度,五京の制度,,,,契丹,,,,
制度@制,三省六官,,,,高麗,,,,
